Event ID,Event,Readable pages,Review needs,Source URLs,Human review complete
2026-roy-community-trick-or-treat,2026 Roy Community Trick-or-Treat,0,accommodation evidence needs review; community relevance needs review (may correctly be none),https://www.nowplayingutah.com/event/2026-roy-community-trick-or-treat/,False
agave-after-dark-bats-tequila,Agave After Dark — Bats & Tequila,2,community relevance needs review (may correctly be none),https://tracyaviary.org/nature-center/special-events/ | https://tracyaviary.org/accessibility/,False
american-west-heritage-center-fall-harvest-festival-haunted-hollow,American West Heritage Center Fall Harvest Festival + Haunted Hollow,1,accommodation evidence needs review; community relevance needs review (may correctly be none),https://www.awhc.org/fall-festival/,False
annual-creepy-doll-class,Annual Creepy Doll Class,3,accommodation evidence needs review; operating dates need review; community relevance needs review (may correctly be none),https://www.visitogden.com/events/annual-creepy-doll-class-11/ | https://www.visitogden.com/trip-planner/accessibility/ | https://www.visitogden.com/trip-planner/accessibility/accessible-itineraries/,False
antelope-island-bison-roundup,Antelope Island Bison Roundup,4,accommodation evidence needs review; community relevance needs review (may correctly be none),https://stateparks.utah.gov/parks/antelope-island/bison-roundup/ | https://stateparks.utah.gov/accessibility/ | https://docs.google.com/document/d/e/2PACX-1vS7BjBbjGLBP1MSeZu8g0-Kn-HwZuYW6-TLICoX9fofbiHNCfUAhDBEp6vJEFkdH3xtwc69FukMKO__/pub?urp=gmail_link | https://wildlife.utah.gov/accessibility/fishing | https://wildlife.utah.gov/accessibility/viewing,False
asylum-49,Asylum 49,2,accommodation evidence needs review; community relevance needs review (may correctly be none),https://www.asylum49.com/events | https://book.singenuity.com/79/catalog/activities,False
autumn-apparitions-2026-jkr-gallery,Autumn Apparitions 2026 — JKR Gallery,1,accommodation evidence needs review; community relevance needs review (may correctly be none),https://jkr-gallery.myshopify.com/,False
ballet-west-dracula,Ballet West: Dracula,4,operating dates need review; community relevance needs review (may correctly be none),https://www.balletwest.org/events/detail/dracula | https://www.balletwest.org/events | https://boxoffice.balletwest.org/events | https://www.balletwest.org/events/event-listing,False
bates-haunt-2026-watch,Bates Haunt — 2026 watch,1,accommodation evidence needs review; operating dates need review; community relevance needs review (may correctly be none),https://bateshaunt.com/,False
beams-and-screams-mcauliffe-space-center,Beams and Screams — McAuliffe Space Center,1,admission needs deeper review; accommodation evidence needs review; community relevance needs review (may correctly be none),https://www.utahvalley.com/blog/post/holiday-events/,False
beetlejuice-house-daybreak,Beetlejuice House Daybreak,4,accommodation evidence needs review; community relevance needs review (may correctly be none),https://frightmaps.com/metro/salt-lake-city | https://frightmaps.com/houses/utah/house-of-screams | https://frightmaps.com/houses/utah/cool-haunted-house | https://frightmaps.com/houses/utah/eaton-family-lights,False
bemysecret-anime-con-utah-2026,BeMySecret Anime Con Utah 2026,5,accommodation evidence needs review; community relevance needs review (may correctly be none),https://bemysecret.net/pages/utah | https://tickets.thefoat.com/gearheadsociety/host_id-63730/season_tickets_first-1/omit_hide_all_front_end-1/pages/1-2 | https://tickets.thefoat.com/gearheadsociety/BeMySecret+X+GearHead+Anime+Con+%26+Cars+Las+Vegas/tickets/id-kclcx3H4DXR_/ | https://tickets.thefoat.com/ | https://www.thefoat.com/fa/ticketbuy-resend_tickets,False
benson-grist-mill-fall-festival,Benson Grist Mill Fall Festival,1,accommodation evidence needs review; community relevance needs review (may correctly be none),https://tooelecountyparksandrec.org/fall-festival-october-18-19/,False
big-jack-s-world-outlets-at-traverse-mountain,Big Jack's World — Outlets at Traverse Mountain,3,accommodation evidence needs review; operating dates need review; community relevance needs review (may correctly be none),https://signature-events.outletsattraversemountain.com/ | https://bigjackgivesback.outletsattraversemountain.com/ | https://www.eventbrite.com/e/big-jack-gives-back-tickets-1997720886950?aff=oddtdtcreator,False
black-island-farms-nightmare-acres,Black Island Farms / Nightmare Acres,1,accommodation evidence needs review; community relevance needs review (may correctly be none),https://www.blackislandfarms.com/ | https://blackislandfarms.ticketspice.com/harvest-festival-2026,False
blade-rave,BLADE RAVE,3,accommodation evidence needs review; community relevance needs review (may correctly be none),https://www.24tix.com/event/63414888997 | https://www.24tix.com/events/lk6idmx7k5fdzj4klh3t63dwbm/market | https://www.24tix.com/events/lk6idmx7k5fdzj4klh3t63dwbm,False
boo-tiful-bussin-drag-brunch-at-the-mercantile-on-25th,Boo-tiful Bussin’ Drag Brunch at The Mercantile on 25th,5,accommodation evidence needs review,https://www.eventbrite.com/e/boo-tiful-bussin-drag-brunch-at-the-mercantile-on-25th-tickets-1990304024916 | https://www.eventbrite.com/signin/signup?referrer=%2Fmytickets | https://www.eventbrite.com/organizer/features/sell-tickets/ | https://www.eventbrite.com/help/en-us/articles/319355/where-are-my-tickets/ | https://www.eventbrite.com/organizer/features/reserved-seating/,False
book-or-treat-provo-library,Book or Treat — Provo Library,0,accommodation evidence needs review; community relevance needs review (may correctly be none),https://provolibrary.gov/event/17312027,False
cache-valley-straw-maze,Cache Valley Straw Maze,2,accommodation evidence needs review; community relevance needs review (may correctly be none),https://thecachevalleystrawmaze.com/calendar/ | https://fareharbor.com/embeds/book/thecachevalleystrawmaze/?full-items=yes,False
canyon-road-haunt,Canyon Road Haunt,1,accommodation evidence needs review; operating dates need review; community relevance needs review (may correctly be none),https://canyonroadhaunt.com/,False
castle-of-chaos,Castle of Chaos,2,accommodation evidence needs review; community relevance needs review (may correctly be none),https://castleofchaos.com/ | https://book.singenuity.com/510/catalog/activities,False
center-street-giant-pumpkin-festival,Center Street Giant Pumpkin Festival,1,accommodation evidence needs review; community relevance needs review (may correctly be none),https://utahpumpkingrowers.com/events.html,False
clearfield-family-fall-festival,Clearfield Family Fall Festival,1,accommodation evidence needs review; community relevance needs review (may correctly be none),https://discoverdavis.com/holiday-haunts-autumn-jaunts/ | https://book.discoverdavis.com/browse,False
clearfield-pumpkin-float,Clearfield Pumpkin Float,5,accommodation evidence needs review; community relevance needs review (may correctly be none),https://www.daviscountydates.com/calendar-of-events | https://www.tix.com/ticket-sales/centerpointtheatre/3197 | https://www.hopeboxtheatre.com | https://www.hopeboxtheatre.com/tickets | https://www.hopeboxtheatre.com/redeeming-season-tickets,False
climb-moab-halloween-party-costume-contest,Climb Moab Halloween Party & Costume Contest,1,accommodation evidence needs review; community relevance needs review (may correctly be none),https://moabsunnews.com/events/week/2026-10-26/,False
clinton-halloween-walk,Clinton Halloween Walk,1,accommodation evidence needs review; community relevance needs review (may correctly be none),https://www.clintoncity.net/2348/Special-Events,False
cornbelly-s-corn-maze-pumpkin-fest-lehi,Cornbelly's Corn Maze & Pumpkin Fest — Lehi,1,community relevance needs review (may correctly be none),https://cornbellys.com/products/lehi,False
cornbelly-s-pumpkin-fest-spanish-fork,Cornbelly's Pumpkin Fest — Spanish Fork,1,admission needs deeper review; accommodation evidence needs review; operating dates need review; community relevance needs review (may correctly be none),https://cornbellys.com/products/spanish-fork,False
crazy-corn-maze-nightfall-halloween-park,Crazy Corn Maze / Nightfall Halloween Park,1,accommodation evidence needs review; community relevance needs review (may correctly be none),https://www.thecrazycornmaze.com/,False
creator-s-collective-lindon-halloween-market,Creator's Collective Lindon Halloween Market,1,accommodation evidence needs review; community relevance needs review (may correctly be none),https://seenmarkets.com/market-schedule/oyZPuT2BaGbMhwbedrRdid/creators-collective-market,False
creator-s-collective-slc-halloween-market,Creator's Collective SLC Halloween Market,1,accommodation evidence needs review; community relevance needs review (may correctly be none),https://seenmarkets.com/market-schedule/oyZPuT2BaGbMhwbedrRdid/creators-collective-market,False
creature-crawl-bear-river-migratory-bird-refuge,Creature Crawl — Bear River Migratory Bird Refuge,2,accommodation evidence needs review; community relevance needs review (may correctly be none),https://www.boxeldercountyut.gov/Calendar.aspx?EID=1260 | https://www.boxeldercountyut.gov/site/accessibility,False
creatures-of-the-night,Creatures of the Night,3,accommodation evidence needs review; community relevance needs review (may correctly be none),https://www.visitogden.com/events/creatures-of-the-night/ | https://www.visitogden.com/trip-planner/accessibility/ | https://www.visitogden.com/trip-planner/accessibility/accessible-itineraries/,False
creepy-doll-head-necklace-drop-in-bar,Creepy Doll Head Necklace Drop-In Bar,0,accommodation evidence needs review; community relevance needs review (may correctly be none),https://nowplayingutah.com/event/creepy-doll-head-necklace-drop-in-bar-2/,False
crimewave-goth-post-punk-darkwave-party,CRIMEWAVE — Goth / Post-Punk / Darkwave Party,1,accommodation evidence needs review; community relevance needs review (may correctly be none),https://www.24tix.com/events/86178334450,False
cross-e-ranch-fall-festival,Cross E Ranch Fall Festival,3,accommodation evidence needs review; community relevance needs review (may correctly be none),https://www.crosseranch.com/fall-festival-info | https://www.crosseranch.com/tickets-passes | https://www.crosseranch.com/groupticketsandprivateareas,False
cryptids-and-their-folklore-u-of-u-lifelong-learning,Cryptids and Their Folklore — U of U Lifelong Learning,1,accommodation evidence needs review; community relevance needs review (may correctly be none),https://continue.utah.edu/lifelong/class/llwrc_741_cryptids_and_their_folklore,False
daft-disko-french-house-disco-halloween,Daft Disko — French House & Disco Halloween,1,accommodation evidence needs review; community relevance needs review (may correctly be none),https://www.24tix.com/event/vwpmbbvxwvgc7okp5i7dmn6ldi,False
daj-dolla-halloween-party-liquid-joe-s,Daj Dolla Halloween Party @ Liquid Joe's,4,accommodation evidence needs review; community relevance needs review (may correctly be none),https://www.ticketfairy.com/event/daj-dolla-salt-lake-city-halloween-party-2026 | https://www.ticketfairy.com/ | https://www.ticketfairy.com/events-in-millcreek/liquid-joes | https://www.ticketfairy.com/event-ticketing | https://www.ticketfairy.com/features/ticket-types-and-pricing,False
dave-boo-ster-s-moonlight-mixer,Dave & Boo-ster's Moonlight Mixer,1,accommodation evidence needs review; community relevance needs review (may correctly be none),https://feverup.com/m/753993,False
davis-county-library-october-spooktacular-series,Davis County Library — October Spooktacular Series,1,accommodation evidence needs review; community relevance needs review (may correctly be none),https://daviscounty.librarycalendar.com/events/upcoming?bundles%5Blc_event%5D=lc_event&program_types%5B286%5D=286,False
dead-horse-point-halloween-night-programs,Dead Horse Point — Halloween Night Programs,0,accommodation evidence needs review; community relevance needs review (may correctly be none),https://stateparks.utah.gov/parks/dead-horse/events/,False
d-a-de-los-muertos-kearns-library,Día de los Muertos — Kearns Library,0,accommodation evidence needs review; community relevance needs review (may correctly be none),https://slcls.libnet.info/event/17495611,False
d-a-de-los-muertos-shops-at-riverwoods,Día de los Muertos — Shops at Riverwoods,1,accommodation evidence needs review; community relevance needs review (may correctly be none),https://www.playeasy.com/events/01a0ae2c-5d73-7f06-a934-1b0d7e22fe4c,False
d-a-de-los-muertos-utah-cultural-celebration-center,Día de los Muertos — Utah Cultural Celebration Center,2,accommodation evidence needs review; community relevance needs review (may correctly be none),https://www.culturalcelebration.org/dayofthedead | https://www.culturalcelebration.org/accomodations,False
dibble-farms-fall-festival,Dibble Farms Fall Festival,1,admission needs deeper review; accommodation evidence needs review; community relevance needs review (may correctly be none),https://www.dibblefarms.com/,False
dinos-in-the-dark,Dinos in the Dark,2,accommodation evidence needs review; community relevance needs review (may correctly be none),https://dinosaurpark.org/dinos-dark/ | https://dinosaurpark.org/membership/ticket/,False
disney-s-hocus-pocus-in-concert,Disney's Hocus Pocus in Concert,5,admission needs deeper review; accommodation evidence needs review; community relevance needs review (may correctly be none),https://utahsymphony.org/event/id/38957/ | https://utahsymphony.org/tickets/subscriptions/ | https://usuo.org/tickets/ticketing-services/ | https://usuo.org/schedule/ | https://usuo.org/tickets/subscriptions/,False
dog-daze-in-the-maze-wheeler-historic-farm,Dog Daze in the Maze — Wheeler Historic Farm,3,accommodation evidence needs review; community relevance needs review (may correctly be none),https://www.saltlakecounty.gov/wheeler-farm/events--program/ | https://www.saltlakecounty.gov/accessibility/ | https://www.saltlakecounty.gov/accessibility/#Reporting,False
doomsday-disco-umoca-annual-halloween-bash,Doomsday Disco — UMOCA Annual Halloween Bash,1,admission needs deeper review; accommodation evidence needs review; community relevance needs review (may correctly be none),https://utahmoca.org/whats-on/,False
dracula-vs-the-mummy-off-broadway-theatre,Dracula vs. the Mummy — Off Broadway Theatre,3,accommodation evidence needs review; operating dates need review; community relevance needs review (may correctly be none),https://www.theobt.org/2026-season | https://www.theobt.org/box-office#prices | https://offbroadwaytheatreco.ludus.com/index.php | https://www.theobt.org/box-office,False
dreamwalk-park-halloween-2026,Dreamwalk Park — Halloween 2026,2,accommodation evidence needs review; community relevance needs review (may correctly be none),https://dreamwalk.com/ | https://dreamwalk.com/tickets/,False
eagle-mountain-halloween-town,Eagle Mountain Halloween Town,1,accommodation evidence needs review; community relevance needs review (may correctly be none),https://www.utahvalley.com/event/eagle-mountains-halloween-town-2026/37156/,False
element-11-utah-regional-decompression-2026-watch,Element 11 / Utah Regional Decompression — 2026 watch,4,admission needs deeper review; accommodation evidence needs review; operating dates need review; community relevance needs review (may correctly be none),https://www.element11.org/history/timeline/ | https://www.element11.org/attendance/tickets/ | https://www.element11.org/ticket-terms/ | https://www.element11.org/attendance/tickets/purchase/,False
evans-family-farm-pumpkin-patch,Evans Family Farm Pumpkin Patch,1,accommodation evidence needs review; operating dates need review; community relevance needs review (may correctly be none),https://www.facebook.com/EvansFamilyFarmLehi,False
fabio-frizzi-frizzi2fulci,Fabio Frizzi — FRIZZI2FULCI,1,admission needs deeper review; accommodation evidence needs review; community relevance needs review (may correctly be none),https://snspresents.com/,False
fall-market-country-gardens,Fall Market @ Country Gardens,2,accommodation evidence needs review; community relevance needs review (may correctly be none),https://www.gohebervalley.com/ | https://www.gohebervalley.com/Lodging/,False
farmers-market-lehi-halloween-night-market,Farmers Market Lehi — Halloween Night Market,1,accommodation evidence needs review; community relevance needs review (may correctly be none),https://farmersmarketlehi.com/,False
fear-lust-utah-horror-x-romance-day,Fear & Lust — Utah Horror x Romance Day,5,accommodation evidence needs review; community relevance needs review (may correctly be none),https://www.eventbrite.com/e/fear-lust-tickets-2000218717027 | https://www.eventbrite.com/signin/signup?referrer=%2Fmytickets | https://www.eventbrite.com/organizer/features/sell-tickets/ | https://www.eventbrite.com/help/en-us/articles/319355/where-are-my-tickets/ | https://www.eventbrite.com/organizer/features/reserved-seating/,False
fear-factory,Fear Factory,3,operating dates need review; community relevance needs review (may correctly be none),https://fearfactoryslc.com/ | https://book.singenuity.com/492/catalog/date/16/5/2026 | https://book.singenuity.com/492/catalog/activities,False
field-of-fright-glen-ray-s-corn-maze,Field of Fright — Glen Ray's Corn Maze,5,accommodation evidence needs review; community relevance needs review (may correctly be none),https://thefieldoffright.com/ | https://thefieldoffright.com/get-tickets/ | https://pos.glenrayscornmaze.com/glenrayscornmaze/checkout/default/addtocart/add/178 | https://thefieldoffright.com/get-tickets/#choose-tickets | https://www.hightrekpos.com/?utm_source=hightrekpos&utm_medium=web&utm_campaign=glenrayscornmaze_public&utm_content=footer_link,False
field-of-screams-staheli-family-farm,Field of Screams — Staheli Family Farm,3,admission needs deeper review; community relevance needs review (may correctly be none),https://stahelifamilyfarm.com/field-of-screams/ | https://www.simpletix.com/e/field-of-screams-tickets-283702 | https://find.simpletix.com/?utm_source=Superb&source=StaheliFamilyFarm.simpletix.com,False
field-of-screams-lights-on-tour-staheli-family-farm,Field of Screams Lights on Tour — Staheli Family Farm,5,admission needs deeper review; community relevance needs review (may correctly be none),https://stahelifamilyfarm.com/events/ | https://stahelifamilyfarm.simpletix.com/ | https://www.simpletix.com/e/field-of-screams-lights-on-tour-tickets-283704 | https://www.simpletix.com/e/general-admission-fall-tickets-284756 | https://find.simpletix.com/?utm_source=Superb&source=StaheliFamilyFarm.simpletix.com,False
fiesta-fright-haunted-house,Fiesta Fright Haunted House,2,accommodation evidence needs review; operating dates need review; community relevance needs review (may correctly be none),https://fiestafuncenter.com/fiesta-fright/ | https://fiestafuncenter.centeredgeonline.com/areas/areas,False
franck-s-autumn-harvest-dinner,Franck's Autumn Harvest Dinner,1,accommodation evidence needs review; community relevance needs review (may correctly be none),https://www.opentable.com/francks,False
franck-s-trick-or-treat-tasting-menu-2026,Franck's Trick or Treat Tasting Menu 2026,1,accommodation evidence needs review; community relevance needs review (may correctly be none),https://www.opentable.com/francks,False
fright-night-flick-ghost-tours-lindsey-gardens,Fright Night Flick + Ghost Tours — Lindsey Gardens,2,accommodation evidence needs review; community relevance needs review (may correctly be none),https://www.slc.gov/events/2026/04/02/fright-night-flick-2/ | https://www.slc.gov/access-belonging/salt-lake-city-accessibility/,False
frightbelly-s-cornbelly-s-lehi,Frightbelly's @ Cornbelly's Lehi,1,operating dates need review; community relevance needs review (may correctly be none),https://cornbellys.com/products/lehi,False
frightmares-at-lagoon,Frightmares at Lagoon,3,community relevance needs review (may correctly be none),https://www.lagoonpark.com/park-info/schedule-hours/ | https://secure.rocket-rez.com/RocketWeb2/d5894d7f9d8a98b6 | https://www.lagoonpark.com/tickets/,False
garden-after-dark-adventures-in-neverland,Garden After Dark: Adventures in Neverland,5,community relevance needs review (may correctly be none),https://redbuttegarden.org/events/garden-after-dark/ | https://redbuttegarden.org/events/garden-after-dark/garden-after-dark-tickets/ | https://www.utah.edu/nondiscrimination/ | https://redbuttegarden.org/events/garden-after-dark/flex-ticket-terms-and-conditions/ | https://admissions.utah.edu/,False
gardner-village-witchfest,Gardner Village WitchFest,3,community relevance needs review (may correctly be none),https://www.gardnervillage.com/witch-fest | https://gardnervillagetix.com/ | https://www.gardnervillage.com/witchfest-frequently-asked-questions,False
gateway-giant-pumpkinpalooza-zombie-walk,Gateway Giant Pumpkinpalooza + Zombie Walk,1,accommodation evidence needs review; operating dates need review; community relevance needs review (may correctly be none),https://atthegateway.com/calendars/giant-pumpkinpalooza-26/,False
get-freaky-neon-nightmare,Get Freaky: Neon Nightmare,1,accommodation evidence needs review; community relevance needs review (may correctly be none),https://getfreakyslc.com/ | https://www.tixr.com/groups/v2presents/events/get-freaky-2026-199645,False
ghosts-of-camp-floyd,Ghosts of Camp Floyd,0,accommodation evidence needs review; community relevance needs review (may correctly be none),https://stateparks.utah.gov/parks/camp-floyd/events/,False
gibson-s-green-acres-fall-festival,Gibson's Green Acres Fall Festival,3,accommodation evidence needs review; operating dates need review; community relevance needs review (may correctly be none),https://greenacresdairy.com/fall-fun/ | https://greenacresdairy.ticketspice.com/green-acres-corn-maze-pumpkin-patch-2026 | https://www.ticketspice.com/?utm_medium=Page+Footer&utm_content=Green+Acres+Corn+Maze+&+Pumpkin+Patch+2026&utm_referrer=https://greenacresdairy.ticketspice.com/green-acres-corn-maze-pumpkin-patch-2026,False
ginormous-pumpkin-regatta,Ginormous Pumpkin Regatta,1,accommodation evidence needs review; community relevance needs review (may correctly be none),https://utahpumpkingrowers.com/events.html,False
glen-ray-s-corn-maze-pumpkin-patch,Glen Ray's Corn Maze & Pumpkin Patch,4,accommodation evidence needs review; community relevance needs review (may correctly be none),https://glenrayscornmaze.com/ | https://glenrayscornmaze.com/tickets/ | https://glenrayscornmaze.com/tickets/#choose-your-experience | https://glenrayscornmaze.com/tickets/#general-admission,False
goblin-valley-spooky-dark-sky-wildlife-programs,Goblin Valley — Spooky Dark-Sky & Wildlife Programs,0,accommodation evidence needs review; community relevance needs review (may correctly be none),https://stateparks.utah.gov/parks/goblin-valley/events/,False
golden-braid-s-annual-spookytown-party,Golden Braid’s Annual Spookytown Party,1,accommodation evidence needs review; community relevance needs review (may correctly be none),https://www.goldenbraidslc.com/events/annual-spookytown-party-2026,False
gordon-s-family-farm-fall-festival,Gordon's Family Farm Fall Festival,2,admission needs deeper review; accommodation evidence needs review; community relevance needs review (may correctly be none),https://gordonfamilyfarms.com/pumpkin-patch | https://events.cocoatickets.com/gordos-fun-farm,False
granville-graveyard,Granville Graveyard,1,accommodation evidence needs review; community relevance needs review (may correctly be none),https://frightmaps.com/houses/utah/granville-graveyard,False
great-pumpkin-5k-haul-a-pumpkin,Great Pumpkin 5K — Haul a Pumpkin,1,accommodation evidence needs review; community relevance needs review (may correctly be none),https://runsignup.com/Race/Events/UT/Logan/PumpkinRace,False
grow-ogden-fall-farm-festival,Grow Ogden Fall Farm Festival,3,accommodation evidence needs review; community relevance needs review (may correctly be none),https://www.visitogden.com/events/grow-ogden-fall-farm-festival-bake-sale/ | https://www.visitogden.com/trip-planner/accessibility/ | https://www.visitogden.com/trip-planner/accessibility/accessible-itineraries/,False
halloween-cocktails-bitters-lab-x-u-of-u,Halloween Cocktails — Bitters Lab x U of U,2,accommodation evidence needs review; community relevance needs review (may correctly be none),https://continue.utah.edu/lifelong/class/llfw_227_halloween_cocktails | https://continue.utah.edu/lifelong/class/llfw_676_olive_oil_tasting_a_sensory_journey?utm_source=us&utm_medium=web&utm_campaign=youlike,False
halloween-cruise-clas-ropes-course,Halloween Cruise — CLAS Ropes Course,1,admission needs deeper review; accommodation evidence needs review; community relevance needs review (may correctly be none),https://www.utahvalley.com/event/halloween-cruise/36717/,False
halloween-family-night-bean-life-science-museum,Halloween Family Night — Bean Life Science Museum,1,accommodation evidence needs review; community relevance needs review (may correctly be none),https://www.utahvalley.com/holiday-events-christmas-lights/,False
halloween-family-night-brigham-city-museum,Halloween Family Night — Brigham City Museum,2,accommodation evidence needs review; community relevance needs review (may correctly be none),https://www.boxeldercountyut.gov/calendar.aspx?CID=0&month=10&view=list&year=2026 | https://www.boxeldercountyut.gov/site/accessibility,False
halloween-festival-spook-alley-sandy-library,Halloween Festival & Spook Alley — Sandy Library,0,accommodation evidence needs review; community relevance needs review (may correctly be none),https://slcls.libnet.info/event/17286483,False
halloween-havoc-demolition-derby,Halloween Havoc Demolition Derby,3,accommodation evidence needs review; community relevance needs review (may correctly be none),https://www.visitogden.com/events/halloween-havoc-demolition-derby-3/ | https://www.visitogden.com/trip-planner/accessibility/ | https://www.visitogden.com/trip-planner/accessibility/accessible-itineraries/,False
halloween-ice-skating-cottonwood-heights,Halloween Ice Skating — Cottonwood Heights,0,accommodation evidence needs review; community relevance needs review (may correctly be none),https://www.cottonwoodheights.utah.gov/community/events/monster-mash,False
halloween-lift-rides-sundance,Halloween Lift Rides — Sundance,2,accommodation evidence needs review; community relevance needs review (may correctly be none),https://www.sundanceresort.com/events/halloween-lift-rides/ | https://www.sundanceresort.com/tickets-passes/,False
halloween-makers-market-downtown-daybreak,Halloween Makers Market — Downtown Daybreak,1,accommodation evidence needs review; community relevance needs review (may correctly be none),https://www.americafirstsquare.com/events-activities/dtdb-5214,False
halloween-storytelling-spooktacular,Halloween Storytelling Spooktacular,3,accommodation evidence needs review; community relevance needs review (may correctly be none),https://www.visitogden.com/events/halloween-storytelling-spooktacular/ | https://www.visitogden.com/trip-planner/accessibility/ | https://www.visitogden.com/trip-planner/accessibility/accessible-itineraries/,False
halloween-town-a-nightmare-before-christmas-pop-up-bar,Halloween Town | A Nightmare Before Christmas Pop-Up Bar,1,accommodation evidence needs review; community relevance needs review (may correctly be none),https://www.lakeeffectslc.com/nightmare-before-christmas-popup,False
halloween-train-heber-valley-railroad,Halloween Train @ Heber Valley Railroad,1,community relevance needs review (may correctly be none),https://www.gohebervalley.com/halloween-train/,False
hansel-gretel-storytelling-walk-layton,Hansel & Gretel Storytelling Walk — Layton,0,accommodation evidence needs review; community relevance needs review (may correctly be none),https://nowplayingutah.com/event/dac-active-pages-hansel-and-gretel-storytelling-walk/,False
happy-pumpkin-corn-maze,Happy Pumpkin Corn Maze,2,accommodation evidence needs review; operating dates need review; community relevance needs review (may correctly be none),https://www.happypumpkinmaze.com/ | https://secure.interactiveticketing.com/1.44/f5928b/,False
harris-halloween-house,Harris Halloween House,4,accommodation evidence needs review; community relevance needs review (may correctly be none),https://frightmaps.com/haunted-houses/utah/roy | https://frightmaps.com/houses/utah/otoole-haunt | https://frightmaps.com/houses/utah/harris-halloween-house | https://frightmaps.com/houses/utah/paskett-halloween-house,False
haunt-on-aster,Haunt on Aster,4,accommodation evidence needs review; community relevance needs review (may correctly be none),https://frightmaps.com/metro/salt-lake-city | https://frightmaps.com/houses/utah/house-of-screams | https://frightmaps.com/houses/utah/cool-haunted-house | https://frightmaps.com/houses/utah/eaton-family-lights,False
haunted-forest,Haunted Forest,2,accommodation evidence needs review; operating dates need review; community relevance needs review (may correctly be none),https://hauntedforestutah.com/ | https://hauntedforestutah.com/buy-tickets/,False
haunted-hollow,Haunted Hollow,4,accommodation evidence needs review; community relevance needs review (may correctly be none),https://hauntedhollowutah.com/ | https://www.ticketsignup.io/TicketEvent/TheHauntedHollow | https://www.ticketsignup.io/TicketEvent/TheHauntedHollow/Register | https://www.ticketsignup.io/TicketEvent/TheHauntedHollow/Page/TicketLookup,False
haunted-provo-night-5k-half-5k-kids-run,HAUNTED Provo — Night 5K + Half/5K/Kids Run,1,accommodation evidence needs review; community relevance needs review (may correctly be none),https://runtasticevents.com/races/haunted-provo/,False
haunted-salt-lake-city-night-5k-half-5k-kids-run,HAUNTED Salt Lake City — Night 5K + Half/5K/Kids Run,1,accommodation evidence needs review; community relevance needs review (may correctly be none),https://runtasticevents.com/races/haunted-salt-lake-city/,False
haunted-story-room-provo-library,Haunted Story Room — Provo Library,0,accommodation evidence needs review; community relevance needs review (may correctly be none),https://www.provolibrary.gov/childrenscorner,False
haunted-wood-cove,Haunted Wood Cove,1,accommodation evidence needs review; operating dates need review; community relevance needs review (may correctly be none),https://www.hauntedwoodcove.com/home,False
hawkwatch-birds-in-the-lab,HawkWatch — Birds in the Lab!,5,accommodation evidence needs review; community relevance needs review (may correctly be none),https://nhmu.utah.edu/events/hawkwatch-birds-lab-october-2026 | https://nhmu.utah.edu/visit/get-tickets | https://nhmu.utah.edu/visit/welcome | https://nhmu.utah.edu/visit/accessibility | https://nhmu.utah.edu/visit/welcome/discounts-special-offers,False
heber-city-historic-ghost-tours,Heber City Historic Ghost Tours,1,accommodation evidence needs review; community relevance needs review (may correctly be none),https://timpvalleytheatre.com/upcoming-events/heber-city-historic-ghost-tours | https://tvt.ludus.com,False
heber-halloween-fest,Heber Halloween Fest,1,accommodation evidence needs review; community relevance needs review (may correctly be none),https://www.gohebervalley.com/heber-halloween-fest/52/,False
hee-haw-farms-fall-festival,Hee Haw Farms Fall Festival,2,accommodation evidence needs review; operating dates need review; community relevance needs review (may correctly be none),https://heehawfarms.com/ | https://heehawfarms.com/passes-%26-tickets,False
hee-haw-farms-giant-pumpkin-drop,Hee Haw Farms Giant Pumpkin Drop,1,accommodation evidence needs review; community relevance needs review (may correctly be none),https://utahpumpkingrowers.com/events.html,False
hines-mansion-halloween-tour,Hines Mansion Halloween Tour,0,accommodation evidence needs review; community relevance needs review (may correctly be none),https://nowplayingutah.com/event/hines-mansion-halloween-tour-2/,False
historic-25th-street-roaring-20s-halloween-dinner-tour,Historic 25th Street Roaring 20s Halloween Dinner & Tour,1,accommodation evidence needs review; community relevance needs review (may correctly be none),https://tourogden.com/halloween-event/,False
historic-downtown-ghost-tour-logan,Historic Downtown Ghost Tour — Logan,4,accommodation evidence needs review; community relevance needs review (may correctly be none),https://www.logandowntown.org/ghost-tour.html | https://www.logandowntown.org/concert-tickets.html | https://www.logandowntown.org/store/c2/Ghost_Tour.html | https://www.logandowntown.org/store/c16/Sound_of_Ages_Concert.html,False
hocus-pocus-spooktacular-the-ballpark,Hocus Pocus Spooktacular — The Ballpark,3,admission needs deeper review; accommodation evidence needs review; community relevance needs review (may correctly be none),https://www.downtowndaybreak.com/events/ballpark-hocus-pocus-spooktacular | https://www.universe.com/events/hocus-pocus-spooktacular-tickets-34JD9V | https://www.downtowndaybreak.com/accessibility,False
hogle-halloween-a-boo-lights-experience,Hogle Halloween: A Boo Lights Experience,4,community relevance needs review (may correctly be none),https://www.hoglezoo.org/hogle-halloween/ | https://www.hoglezoo.org/tickets/#main | https://store.hoglezoo.org/WebStore/shop/viewItems.aspx?cg=spec&c=halloweenlights | https://store.hoglezoo.org/webstore/shop/viewItems.aspx?cg=main&c=ADM,False
holladay-halloween-bash-county-library,Holladay Halloween Bash — County Library,0,accommodation evidence needs review; community relevance needs review (may correctly be none),https://slcls.libnet.info/event/17326926,False
horror-icons-vi-feat-priyanka,Horror Icons VI feat. Priyanka,1,accommodation evidence needs review,https://www.24tix.com/events/44184831946,False
horror-writing-bootcamp-u-of-u-lifelong-learning,Horror Writing Bootcamp — U of U Lifelong Learning,1,accommodation evidence needs review; community relevance needs review (may correctly be none),https://continue.utah.edu/lifelong/class/llwrc_862_horror_writing_bootcamp,False
hotel-vernal-haunt,Hotel Vernal Haunt,1,accommodation evidence needs review; operating dates need review; community relevance needs review (may correctly be none),https://www.hotelvernalhaunt.com/,False
hounds-haunts,Hounds & Haunts,5,accommodation evidence needs review; community relevance needs review (may correctly be none),https://www.eventbrite.com/e/hounds-haunts-tickets-1999945899021 | https://www.eventbrite.com/signin/signup?referrer=%2Fmytickets | https://www.eventbrite.com/organizer/features/sell-tickets/ | https://www.eventbrite.com/help/en-us/articles/319355/where-are-my-tickets/ | https://www.eventbrite.com/organizer/features/reserved-seating/,False
howl-o-ween-on-historic-main-street,Howl-O-Ween on Historic Main Street,2,accommodation evidence needs review; community relevance needs review (may correctly be none),https://www.visitparkcity.com/blog/stories/post/tips-for-attending-howl-o-ween/ | https://www.visitparkcity.com/plan/accessibility/,False
hurricane-city-fall-festival,Hurricane City Fall Festival,4,accommodation evidence needs review; community relevance needs review (may correctly be none),https://www.cityofhurricane.com/m/calendar/event/detail/1024 | https://www.cityofhurricane.com/153/Accessibility | https://www.cityofhurricane.com/153/Accessibility | https://www.google.com/accessibility/products-features/,False
jaker-s-jack-o-lanterns,Jaker's Jack-O-Lanterns,1,accommodation evidence needs review; community relevance needs review (may correctly be none),https://harwardfarms.com/jakers/,False
kanarra-scare-frisby-farms,Kanarra Scare — Frisby Farms,1,accommodation evidence needs review; community relevance needs review (may correctly be none),https://435locals.com/calendar/,False
kinlands-pumpkin-patch,Kinlands Pumpkin Patch,2,accommodation evidence needs review; operating dates need review; community relevance needs review (may correctly be none),https://thekinlands.com/pages/pumpkin-patch-riverton-utah | https://thekinlands.com/products/sunday-brunch,False
kohler-creamery-fall-festival,Kohler Creamery Fall Festival,1,admission needs deeper review; accommodation evidence needs review; community relevance needs review (may correctly be none),https://www.gohebervalley.com/kohler-creamery-fall-festival/,False
kohler-creamery-haunted-hayrides,Kohler Creamery Haunted Hayrides,1,admission needs deeper review; accommodation evidence needs review; community relevance needs review (may correctly be none),https://www.gohebervalley.com/kohler-creamery-haunted-hayrides/,False
kuwahara-s-pumpkin-patch-thriller-park,Kuwahara's Pumpkin Patch & Thriller Park,0,admission needs deeper review; accommodation evidence needs review; operating dates need review; community relevance needs review (may correctly be none),https://thrillerparkutah.com/pumpkin-patch,False
laser-halloween-clark-planetarium,Laser Halloween — Clark Planetarium,1,accommodation evidence needs review; community relevance needs review (may correctly be none),https://tickets.clarkplanetarium.org/WebStore/Shop/ViewItems.aspx?C=373&CG=11,False
layton-halloween-bash,Layton Halloween Bash,2,accommodation evidence needs review; community relevance needs review (may correctly be none),https://www.laytoncityutah.gov/LC/CommunityCalendar/Event/5633 | https://www.laytoncityutah.gov/LC/City/ADA_Accessibility,False
life-afterlife-travis-holp-live,Life Afterlife: Travis Holp Live,1,admission needs deeper review; accommodation evidence needs review; community relevance needs review (may correctly be none),https://www.wiseguyscomedy.com/utah/salt-lake-city/calendar,False
little-bear-bottoms-corn-maze-pumpkin-patch,Little Bear Bottoms Corn Maze & Pumpkin Patch,1,accommodation evidence needs review; operating dates need review; community relevance needs review (may correctly be none),https://littlebearbottoms.com/,False
little-haunts-this-is-the-place,Little Haunts — This Is The Place,2,admission needs deeper review; accommodation evidence needs review; community relevance needs review (may correctly be none),https://www.thisistheplace.org/todays-fun/little-haunts/ | https://www.thisistheplace.org/general-info/hours-admissions/,False
little-shop-of-horrors-murray-theater,Little Shop of Horrors — Murray Theater,5,accommodation evidence needs review; community relevance needs review (may correctly be none),https://www.murray.utah.gov/213/Cultural-Arts | https://www.murray.utah.gov/m/faq?cat=25#question-89 | https://www.murray.utah.gov/m/faq?cat=25#question-120 | https://www.murray.utah.gov/1659/Tickets | https://www.murray.utah.gov/m/faq?cat=25#question-89,False
logan-halloween-treat-walk,Logan Halloween Treat Walk,3,accommodation evidence needs review; community relevance needs review (may correctly be none),https://www.logandowntown.org/halloween-treat-walk.html | https://www.logandowntown.org/concert-tickets.html | https://www.logandowntown.org/store/c16/Sound_of_Ages_Concert.html,False
low-light-market,Low Light Market,1,accommodation evidence needs review; community relevance needs review (may correctly be none),https://www.axs.com/events/1567434/low-light-market-tickets | https://tix.axs.com/%2blnCJwAAAAAKwKKAAAAAAAAm%2fv%2f%2f%2fwD%2f%2f%2f%2f%2fA2F4cwD%2f%2f%2f%2f%2f%2f%2f%2f%2f%2fw%3d%3d,False
mabey-farms-pumpkin-patch,Mabey Farms Pumpkin Patch,1,accommodation evidence needs review; community relevance needs review (may correctly be none),https://www.mabeyfarms.com/,False
monster-dash-5k-kids-trick-or-treat-mile,Monster Dash 5K + Kids Trick-or-Treat Mile,0,accommodation evidence needs review; community relevance needs review (may correctly be none),https://www.fleetfeet.com/races/ut/ogden/211265-monster-dash-5k,False
murder-at-the-juice-joint-1920s-murder-mystery-dinner,Murder at the Juice Joint — 1920s Murder Mystery Dinner,5,accommodation evidence needs review; community relevance needs review (may correctly be none),https://www.eventbrite.com/e/murder-at-the-juice-joint-a-1920s-murder-mystery-dinner-tickets-1998890663784 | https://www.eventbrite.com/signin/signup?referrer=%2Fmytickets | https://www.eventbrite.com/organizer/features/sell-tickets/ | https://www.eventbrite.com/help/en-us/articles/319355/where-are-my-tickets/ | https://www.eventbrite.com/organizer/features/reserved-seating/,False
murray-haunted-woods,Murray Haunted Woods,3,accommodation evidence needs review; community relevance needs review (may correctly be none),https://www.murrayhauntedwoods.com/general-5 | https://www.murrayhauntedwoods.com/buy-tickets | https://events.ticketleap.com/events/hauntedwoods,False
night-of-fright-market-university-place,Night of Fright & Market — University Place,1,accommodation evidence needs review; community relevance needs review (may correctly be none),https://universityplaceorem.com/events/2026-night-of-fright/,False
night-stalkers-haunted-trail,Night Stalkers Haunted Trail,2,accommodation evidence needs review; community relevance needs review (may correctly be none),https://www.nightstalkershaunt.com/ | https://nightstalkershaunt.fearticket.com,False
nightmare-on-13th,Nightmare on 13th,1,accommodation evidence needs review; operating dates need review; community relevance needs review (may correctly be none),https://www.nightmareon13th.com/dates-and-times-nightmare-on-13th/,False
nightmare-on-clown-street-2026-watch,Nightmare on Clown Street — 2026 watch,2,accommodation evidence needs review; operating dates need review; community relevance needs review (may correctly be none),https://www.fox13now.com/community/halloween/west-valley-city-neighbors-scare-up-halloween-fun-for-good-time-and-good-cause | https://www.fox13now.com/accessibility-statement,False
nocturne-film-society-mystery-horror-screening,Nocturne Film Society — Mystery Horror Screening,1,accommodation evidence needs review; community relevance needs review (may correctly be none),https://www.nocturneslc.com/,False
north-logan-pumpkin-walk,North Logan Pumpkin Walk,1,accommodation evidence needs review; community relevance needs review (may correctly be none),https://www.northloganrec.org/pumpkindays,False
north-ogden-s-trunk-or-treat,North Ogden's Trunk or Treat,1,accommodation evidence needs review; community relevance needs review (may correctly be none),https://www.ksl.com/events/details/599442,False
north-salt-lake-zombie-chase-spooktacular,North Salt Lake Zombie Chase + Spooktacular,5,accommodation evidence needs review; community relevance needs review (may correctly be none),https://nslcity.org/525/Halloween-Fun | https://nslcity.org/Accessibility | https://www.google.com/accessibility/products-features/ | https://support.mozilla.org/en-US/kb/accessibility-features-firefox | https://learn.microsoft.com/en-us/microsoft-edge/accessibility/,False
odd-lake-city-halloween-festival,Odd Lake City Halloween Festival,1,accommodation evidence needs review; community relevance needs review (may correctly be none),https://slcmasonictemple.com/events/shows-special-events/,False
odyssey-dance-theatre-thriller,Odyssey Dance Theatre: Thriller,3,admission needs deeper review; accommodation evidence needs review; operating dates need review; community relevance needs review (may correctly be none),"https://odysseydance.com/thriller/ | https://odysseydance.com/season-tickets/ | https://www.tix.com/ticket-sales/grandtheatrecompany/7217?productionidlist=238857,239694,238858,238856",False
ogden-d-a-de-los-muertos,Ogden Día de los Muertos,5,accommodation evidence needs review; community relevance needs review (may correctly be none),https://ofoam.org/dia-de-los-muertos | https://ofoam.ticketspice.com/2026-ogden-music-festival- | https://ofoam.ticketspice.com/2026-ogden-music-festival-#transfer | https://www.ticketspice.com/?utm_medium=Page+Footer&utm_content=2026+Ogden+Music+Festival&utm_referrer=https://ofoam.ticketspice.com/2026-ogden-music-festival- | https://ofoam.org/accessibility,False
ogden-halloween-bar-crawl-2026,Ogden Halloween Bar Crawl 2026,5,accommodation evidence needs review; community relevance needs review (may correctly be none),https://www.eventbrite.com/e/ogden-halloween-bar-crawl-2026-tickets-1583325281539 | https://www.eventbrite.com/signin/signup?referrer=%2Fmytickets | https://www.eventbrite.com/organizer/features/sell-tickets/ | https://www.eventbrite.com/help/en-us/articles/319355/where-are-my-tickets/ | https://www.eventbrite.com/organizer/features/reserved-seating/,False
ogden-historic-25th-street-ghost-walk-city-ghost-tour,Ogden Historic 25th Street Ghost Walk / City Ghost Tour,2,accommodation evidence needs review; community relevance needs review (may correctly be none),https://www.storytours-ut.com/ogden | https://book.peek.com/s/58afba68-9c6b-42e5-a3f4-3a00f91acd43/Y7xyB,False
ogden-prep-academy-fall-festival,Ogden Prep Academy Fall Festival,0,accommodation evidence needs review; community relevance needs review (may correctly be none),https://www.visitogden.com/events/ogden-prep-academy-fall-festival/,False
ogden-valley-harvest-festival,Ogden Valley Harvest Festival,3,accommodation evidence needs review; community relevance needs review (may correctly be none),https://www.visitogden.com/events/ogden-valley-harvest-festival/ | https://www.visitogden.com/trip-planner/accessibility/ | https://www.visitogden.com/trip-planner/accessibility/accessible-itineraries/,False
orem-city-truck-or-treat-university-place,Orem City Truck-or-Treat — University Place,1,accommodation evidence needs review; community relevance needs review (may correctly be none),https://www.universityplaceorem.com/events/2026-orem-city-truck-or-treat/,False
otherworld-presents-don-t-blink,OTHERWORLD Presents: DON'T BLINK,1,accommodation evidence needs review; community relevance needs review (may correctly be none),https://slcpix.com/upcoming-events/,False
pack-farms-pumpkin-patch,Pack Farms Pumpkin Patch,1,accommodation evidence needs review; community relevance needs review (may correctly be none),https://packfarms.com/activities,False
park-city-ghost-tours,Park City Ghost Tours,2,accommodation evidence needs review; operating dates need review; community relevance needs review (may correctly be none),https://www.visitparkcity.com/listing/park-city-ghost-tours/16523/ | https://www.visitparkcity.com/plan/accessibility/,False
park-city-mining-history-route-museum,Park City Mining History Route / Museum,2,accommodation evidence needs review; operating dates need review; community relevance needs review (may correctly be none),https://www.visitparkcity.com/blog/stories/post/what-to-do-in-park-city-this-october/ | https://www.visitparkcity.com/plan/accessibility/,False
provo-pioneer-village-harvest-festival,Provo Pioneer Village Harvest Festival,1,accommodation evidence needs review; community relevance needs review (may correctly be none),https://www.provopioneervillage.org,False
puck-s-magical-market,Puck's Magical Market,1,accommodation evidence needs review,https://www.theconjuringtree.com/event-details/pucks-magical-market-october-17,False
pumpkin-paint-sip-copper-nickel,Pumpkin Paint & Sip — Copper Nickel,5,admission needs deeper review; accommodation evidence needs review; community relevance needs review (may correctly be none),https://www.eventbrite.com/e/pumpkin-paint-sip-tickets-1998553324794 | https://www.eventbrite.com/signin/signup?referrer=%2Fmytickets | https://www.eventbrite.com/organizer/features/sell-tickets/ | https://www.eventbrite.com/help/en-us/articles/319355/where-are-my-tickets/ | https://www.eventbrite.com/organizer/features/reserved-seating/,False
pumpkin-patch-jordanelle-ridge,Pumpkin Patch @ Jordanelle Ridge,1,accommodation evidence needs review; community relevance needs review (may correctly be none),https://www.gohebervalley.com/jordanelle-ridge-pumpkin-patch/52/,False
pumpkin-train-heber-valley-railroad,Pumpkin Train @ Heber Valley Railroad,1,community relevance needs review (may correctly be none),https://www.gohebervalley.com/pumpkin-train/,False
pumpkins-in-the-park-woods-cross,Pumpkins in the Park — Woods Cross,0,accommodation evidence needs review; community relevance needs review (may correctly be none),https://www.woodscross.gov/Calendar.aspx,False
purple-paw-parade-weber-state,Purple Paw Parade — Weber State,0,accommodation evidence needs review; community relevance needs review (may correctly be none),https://www.alumni.weber.edu/s/953/bp23/interior.aspx?calcid=4875&calpgid=61&cid=6213&crid=0&ecid=6213&gid=1001&pgid=2926&sid=953,False
raven-manor,Raven Manor,1,accommodation evidence needs review; community relevance needs review (may correctly be none),https://www.ravenmanor.com/info/,False
reading-with-raptors-at-discovery-gateway,Reading with Raptors at Discovery Gateway,1,accommodation evidence needs review; community relevance needs review (may correctly be none),https://hawkwatch.org/event/reading-with-raptors-at-discovery-gateway/2026-10-10/,False
robinson-family-pumpkin-patch,Robinson Family Pumpkin Patch,2,accommodation evidence needs review; community relevance needs review (may correctly be none),https://visitcedarcity.com/event/robinson-family-pumpkin-patch/367/ | https://visitcedarcity.com/visitor-services/accessibility/,False
rocktober-ogden-dinosaur-park,Rocktober @ Ogden Dinosaur Park,2,accommodation evidence needs review; community relevance needs review (may correctly be none),https://dinosaurpark.org/rocktober/ | https://dinosaurpark.org/membership/ticket/,False
rocky-horror-picture-show-peery-s-egyptian,Rocky Horror Picture Show — Peery's Egyptian,3,accommodation evidence needs review; community relevance needs review (may correctly be none),https://www.visitogden.com/events/the-rocky-horror-picture-show-2/ | https://www.visitogden.com/trip-planner/accessibility/ | https://www.visitogden.com/trip-planner/accessibility/accessible-itineraries/,False
rooftop-halloween-display-2026-watch,Rooftop Halloween Display — 2026 watch,1,accommodation evidence needs review; operating dates need review; community relevance needs review (may correctly be none),https://www.utahsadventurefamily.com/rooftop-halloween-display/,False
rowley-s-red-barn-fall-festival,Rowley's Red Barn Fall Festival,2,accommodation evidence needs review; community relevance needs review (may correctly be none),https://rowleysredbarn.com/pages/fall-festival | https://events.cocoatickets.com/back-forty-entertainment/fall-festival-2026-general-admission,False
salt-lake-city-cemetery-ghost-walk-slc-ghost-tour,Salt Lake City Cemetery Ghost Walk / SLC Ghost Tour,2,accommodation evidence needs review; community relevance needs review (may correctly be none),https://www.storytours-ut.com/slc | https://boxoffice.diamondticketing.com/storytours/events | https://book.peek.com/s/58afba68-9c6b-42e5-a3f4-3a00f91acd43/gVK9j,False
salt-lake-city-halloween-singles-mixer,Salt Lake City Halloween Singles Mixer,5,admission needs deeper review; accommodation evidence needs review; community relevance needs review (may correctly be none),https://www.eventbrite.com/e/salt-lake-city-halloween-singles-mixer-2026-tickets-2000643225744 | https://www.eventbrite.com/signin/signup?referrer=%2Fmytickets | https://www.eventbrite.com/organizer/features/sell-tickets/ | https://www.eventbrite.com/help/en-us/articles/319355/where-are-my-tickets/ | https://www.eventbrite.com/organizer/features/reserved-seating/,False
salt-lake-film-society-tower-of-terror,Salt Lake Film Society: Tower of Terror,3,accommodation evidence needs review; community relevance needs review (may correctly be none),https://slfs.org/about-us/programs/ | https://slfstix.org/ | https://slfs.org/about-us/safety/,False
saratoga-springs-fall-festival,Saratoga Springs Fall Festival,1,accommodation evidence needs review; community relevance needs review (may correctly be none),https://www.ksl.com/events/details/593964,False
scarecrow-walk-haunted-canyon-red-hills-desert-garden,Scarecrow Walk & Haunted Canyon — Red Hills Desert Garden,1,accommodation evidence needs review; community relevance needs review (may correctly be none),https://wcwcd.gov/swhc/,False
scary-hill-cherry-hill,Scary Hill @ Cherry Hill,3,accommodation evidence needs review; community relevance needs review (may correctly be none),https://cherry-hill.com/scary-hill/ | https://cherryhill.aluvii.com/store/shop/categoryproducts?id=1&offSet=360&categoryId=9 | https://cherryhill.aluvii.com/store/shop/categoryproducts?id=1&offSet=360&categoryId=9#;,False
scarycuse-pumpkin-walk,Scarycuse Pumpkin Walk,1,accommodation evidence needs review; community relevance needs review (may correctly be none),https://syracuseut.gov/340/Pumpkin-Walk,False
schmidt-s-farm-pumpkin-patch,Schmidt's Farm Pumpkin Patch,1,accommodation evidence needs review; community relevance needs review (may correctly be none),https://www.schmidtsfarmandgreenhouse.com/patch-info,False
skalloween,Skalloween,1,accommodation evidence needs review; community relevance needs review (may correctly be none),https://www.ogdenepic.com/event-details/skalloween,False
skull-paint-pour-candle-workshop-the-wick-lab,Skull Paint & Pour Candle Workshop — The Wick Lab,4,accommodation evidence needs review; community relevance needs review (may correctly be none),https://www.thewicklab.com/ogden/skull-paint-pour-workshop/ | https://fareharbor.com/embeds/book/thewicklab/items/760168/calendar/?ref=https%3A%2F%2Fwww.thewicklab.com | https://fareharbor.com/embeds/book/thewicklab/items/499295/calendar/?ref=https%3A%2F%2Fwww.thewicklab.com | https://fareharbor.com/embeds/book/thewicklab/items/591979/calendar/?ref=https%3A%2F%2Fwww.thewicklab.com,False
slc-guitar-halloween-showcase,SLC Guitar Halloween Showcase,4,admission needs deeper review; accommodation evidence needs review; community relevance needs review (may correctly be none),https://www.saltlakecountyarts.org/events/slc-guitar-halloween-showcase/ | https://www.saltlakecountyarts.org/ticket-office-information/ | https://www.saltlakecountyarts.org/ticket-as-fare/ | https://arttix.queue-it.net/?c=arttix&e=2026safetynet&ver=v3-aspnetcore-3.7.0&cver=26&man=SafetyNet2024&t=https%3A%2F%2Fmy.arttix.org%2F40487,False
sojo-halloween-fun-run-5k-ruck-kids-run,SoJo Halloween Fun Run 5K / Ruck / Kids Run,5,accommodation evidence needs review; community relevance needs review (may correctly be none),https://www.sjc.utah.gov/1693/SoJo-Halloween-Fun-Run-5K | https://www.sjc.utah.gov/153/Accessibility | https://www.sjc.utah.gov/153/Accessibility | https://www.sjc.utah.gov/FormCenter/Communications-13/Accessibility-165 | https://www.google.com/accessibility/products-features/,False
something-wicked-halloween-pop-up-at-studio,Something Wicked — Halloween Pop-Up at Studio,1,admission needs deeper review; accommodation evidence needs review; operating dates need review; community relevance needs review (may correctly be none),https://www.sevenrooms.com/experiences/soundwellslc/something-wicked-a-halloween-pop-up-5191115982422016,False
souanime-convention,SoUAnime Convention,1,accommodation evidence needs review; community relevance needs review (may correctly be none),https://www.souanime.com/,False
south-salt-lake-spooktacular-trunk-or-treat,South Salt Lake Spooktacular Trunk-or-Treat,5,accommodation evidence needs review; community relevance needs review (may correctly be none),https://www.sslc.gov/551/Halloween-Events | https://www.sslc.gov/accessibility | https://www.google.com/accessibility/products-features/ | https://support.mozilla.org/en-US/kb/accessibility-features-firefox | https://learn.microsoft.com/en-us/microsoft-edge/accessibility/,False
special-exhibit-america-s-haunted-history-syracuse-museum,Special Exhibit: America's Haunted History — Syracuse Museum,1,accommodation evidence needs review; operating dates need review; community relevance needs review (may correctly be none),https://www.syracuseut.gov/448/Museum-Events,False
spell-jar-workshops-the-local-artisan-collective,Spell Jar Workshops — The Local Artisan Collective,1,accommodation evidence needs review; community relevance needs review (may correctly be none),https://localartisancollective.com/events/spelljarclass/,False
spooktacufur-2026,Spooktacufur 2026,3,accommodation evidence needs review; community relevance needs review (may correctly be none),https://spooktacufur.com/ | https://ticketstripe.com/spooktacufur2026 | https://ticketstripe.com,False
spooktober-thanksgiving-point,Spooktober @ Thanksgiving Point,3,operating dates need review; community relevance needs review (may correctly be none),https://thanksgivingpoint.org/event/spooktober/ | https://thanksgivingpoint.org/the-tree-of-life/ | https://thanksgivingpoint.org/events/scarecrow-festival/,False
spooky-city-hall-south-salt-lake,Spooky City Hall — South Salt Lake,5,accommodation evidence needs review; community relevance needs review (may correctly be none),https://www.sslc.gov/551/Halloween-Events | https://www.sslc.gov/accessibility | https://www.google.com/accessibility/products-features/ | https://support.mozilla.org/en-US/kb/accessibility-features-firefox | https://learn.microsoft.com/en-us/microsoft-edge/accessibility/,False
spooky-game-day-utah-s-cardboard-cabal,Spooky Game Day — Utah’s Cardboard Cabal,1,accommodation evidence needs review; community relevance needs review (may correctly be none),https://www.meetup.com/utahs-cardboard-cabal/events/316696245/,False
spooky-light-show-south-jordan,Spooky Light Show — South Jordan,2,accommodation evidence needs review; operating dates need review; community relevance needs review (may correctly be none),https://www.spookylightshow.com | https://www.spookylightshow.com/,False
spooky-night-trivia-at-tea-bar-slc,Spooky Night Trivia at Tea Bar SLC,5,accommodation evidence needs review; community relevance needs review (may correctly be none),https://www.eventbrite.com/e/spooky-night-trivia-at-tea-bar-slc-tickets-1999739534780 | https://www.eventbrite.com/signin/signup?referrer=%2Fmytickets | https://www.eventbrite.com/organizer/features/sell-tickets/ | https://www.eventbrite.com/help/en-us/articles/319355/where-are-my-tickets/ | https://www.eventbrite.com/organizer/features/reserved-seating/,False
spooky-science-nights-natural-history-museum-of-utah,Spooky Science Nights — Natural History Museum of Utah,5,accommodation evidence needs review; community relevance needs review (may correctly be none),https://nhmu.utah.edu/events/spooky-science-night-107 | https://nhmu.utah.edu/visit/get-tickets | https://nhmu.utah.edu/visit/welcome | https://12368a.blackbaudhosting.com/12368a/tickets?tab=2&txobjid=17b44da7-88cc-4e2b-a415-bce31b8cb31a | https://nhmu.utah.edu/visit/welcome/discounts-special-offers,False
spooky-week-at-the-bootanical-center,Spooky Week at the BOOtanical Center,3,accommodation evidence needs review; community relevance needs review (may correctly be none),https://extension.usu.edu/botanicalcenter/events/spooky-week-bootanical | https://www.usu.edu/accessibility/contact | https://www.usu.edu/accessibility/,False
spookyfest-at-crone-s-hollow,SpookyFest! at Crone's Hollow,1,accommodation evidence needs review; community relevance needs review (may correctly be none),https://croneshollow.com/events/?event=10155,False
springville-museum-of-art-halloween-party,Springville Museum of Art Halloween Party,4,accommodation evidence needs review; community relevance needs review (may correctly be none),https://www.smofa.org/halloween-party | https://www.smofa.org/accessibility | https://www.smofa.org/accessibility.php | https://www.smofa.org/uploads/files/2902/Sensory-Map-with-images.pdf,False
staheli-family-farm-fall-festival,Staheli Family Farm Fall Festival,4,admission needs deeper review; accommodation evidence needs review; operating dates need review; community relevance needs review (may correctly be none),https://stahelifamilyfarm.com/fall/ | https://stahelifamilyfarm.simpletix.com/ | https://www.simpletix.com/e/general-admission-fall-tickets-284756 | https://find.simpletix.com/?utm_source=Superb&source=StaheliFamilyFarm.simpletix.com,False
swift-pumpkins-dog-daze-in-the-maze,Swift Pumpkins Dog Daze in the Maze,1,accommodation evidence needs review; community relevance needs review (may correctly be none),https://www.swiftpumpkins.com/corn-maze-play-zone-dates-and-times,False
syracuse-night-at-the-museum,Syracuse Night at the Museum,2,accommodation evidence needs review; community relevance needs review (may correctly be none),https://www.syracuseut.gov/545/Scarycuse-Community-Events | https://link.dkdigitalsuite.com/payment-link/6aaade30f426560dbc2f0a1d,False
taylorsville-fall-festival,Taylorsville Fall Festival,1,accommodation evidence needs review; community relevance needs review (may correctly be none),https://www.ksl.com/events/details/595113?date=2026-09-19,False
teen-halloween-viridian-event-center,Teen Halloween — Viridian Event Center,0,accommodation evidence needs review; community relevance needs review (may correctly be none),https://slcls.libnet.info/event/17452368,False
thanksgiving-point-scarecrow-festival,Thanksgiving Point Scarecrow Festival,3,operating dates need review; community relevance needs review (may correctly be none),https://thanksgivingpoint.org/special-events/ | https://thanksgivingpoint.org/the-tree-of-life/ | https://thanksgivingpoint.org/events/scarecrow-festival/,False
the-freakshow-a-haunted-cabaret,The Freakshow — A Haunted Cabaret,1,accommodation evidence needs review,https://www.24tix.com/events/30061179985,False
the-fright-club-at-varley,The Fright Club at Varley,1,accommodation evidence needs review; operating dates need review; community relevance needs review (may correctly be none),https://www.sevenrooms.com/experiences/ivyvarley/the-fright-club-5142995965132800,False
the-group-project-dance-witches,"The Group Project: Dance, Witches!",0,accommodation evidence needs review; community relevance needs review (may correctly be none),https://parkcityrestaurants.com/event/the-group-project-dance-witches/,False
the-modern-ball-masquerade-ball,The Modern Ball: Masquerade Ball,1,accommodation evidence needs review; community relevance needs review (may correctly be none),https://themodernball.com/masquerade-ball,False
the-morgan-maze,The Morgan Maze,2,accommodation evidence needs review; community relevance needs review (may correctly be none),https://www.themorganmaze.com/ | https://www.themorganmaze.com/thingstodo#Admission,False
the-park-center-trunk-or-treat-murray,The Park Center Trunk or Treat — Murray,5,accommodation evidence needs review; community relevance needs review (may correctly be none),https://www.murray.utah.gov/ | https://www.murray.utah.gov/accessibility | https://www.google.com/accessibility/products-features/ | https://support.mozilla.org/en-US/kb/accessibility-features-firefox | https://learn.microsoft.com/en-us/microsoft-edge/accessibility/,False
the-pirate-yard-spanish-fork,The Pirate Yard — Spanish Fork,1,accommodation evidence needs review; community relevance needs review (may correctly be none),https://www.playeasy.com/events/01a02320-74d0-7192-89a0-7ba8de55a1df,False
the-princess-in-black-and-the-trick-or-treating-trouble,The Princess in Black and the Trick-or-Treating Trouble,5,accommodation evidence needs review; community relevance needs review (may correctly be none),https://www.eventbrite.com/e/the-princess-in-black-and-the-trick-or-treating-trouble-tickets-1990829993101 | https://www.eventbrite.com/signin/signup?referrer=%2Fmytickets | https://www.eventbrite.com/organizer/features/sell-tickets/ | https://www.eventbrite.com/help/en-us/articles/319355/where-are-my-tickets/ | https://www.eventbrite.com/organizer/features/reserved-seating/,False
the-pumpkin-house-pumpkin-palace,The Pumpkin House / Pumpkin Palace,0,accommodation evidence needs review; operating dates need review; community relevance needs review (may correctly be none),https://www.bhg.com/archibald-pumpkin-house-tour-12121108,False
the-pumpkin-patch-orem-free-halloween-hayrides,The Pumpkin Patch — Orem + Free Halloween Hayrides,1,accommodation evidence needs review; community relevance needs review (may correctly be none),https://www.thepumpkinpatch.biz/halloween-hayrides,False
the-rocky-horror-picture-show-why-kiki-haus-of-monroe,The Rocky Horror Picture Show — Why Kiki / Haus of Monroe,5,accommodation evidence needs review,https://www.whykikibar.com/tickets | https://www.whykikibar.com/register?ReturnUrl=%2fmembers%2fmytickets | https://www.whykikibar.com/register?ReturnUrl=%2fmembers%2fprintmytickets | https://www.whykikibar.com/register?ReturnUrl=%2fmembers%2fmytickets | https://www.whykikibar.com/register?ReturnUrl=%2fmembers%2fprintmytickets,False
thrillers-ball-icons-of-the-night,Thrillers Ball — Icons of the Night,3,accommodation evidence needs review; community relevance needs review (may correctly be none),https://www.thrillersball.com/ | https://saltcitymuse.ticketspice.com/thrillers-ball-2026 | https://www.ticketspice.com/?utm_medium=Page+Footer&utm_content=Thrillers+Ball+2026&utm_referrer=https://saltcitymuse.ticketspice.com/thrillers-ball-2026,False
tinker-day-spooky-circuits,Tinker Day — Spooky Circuits,5,accommodation evidence needs review; community relevance needs review (may correctly be none),https://www.eventbrite.com/e/tinker-day-spooky-circuits-tickets-2001182881870 | https://www.eventbrite.com/signin/signup?referrer=%2Fmytickets | https://www.eventbrite.com/organizer/features/sell-tickets/ | https://www.eventbrite.com/help/en-us/articles/319355/where-are-my-tickets/ | https://www.eventbrite.com/organizer/features/reserved-seating/,False
tommy-s-express-tunnel-of-terror-layton,Tommy's Express Tunnel of Terror — Layton,1,accommodation evidence needs review; community relevance needs review (may correctly be none),https://tommys-express.com/locations/ut414/,False
tommy-s-express-tunnel-of-terror-saratoga-springs,Tommy's Express Tunnel of Terror — Saratoga Springs,1,accommodation evidence needs review; community relevance needs review (may correctly be none),https://tommys-express.com/locations/ut426/,False
trailing-of-the-sheep-mantua-to-brigham-city,Trailing of the Sheep — Mantua to Brigham City,1,accommodation evidence needs review; community relevance needs review (may correctly be none),https://bearriverheritage.com/events/,False
triple-money-halloween-rave,Triple Money Halloween Rave,1,accommodation evidence needs review; community relevance needs review (may correctly be none),https://www.ogdenepic.com/event-details/triple-money,False
trivia-craft-a-witchcraft-trivia-night,Trivia Craft — A Witchcraft Trivia Night,1,accommodation evidence needs review; community relevance needs review (may correctly be none),https://happeningnext.com/event/trivia-craft-a-witchcraft-trivia-night-eid1ar5pua7ts,False
trunk-or-treat-in-the-arboretum,Trunk or Treat in the Arboretum,5,accommodation evidence needs review; community relevance needs review (may correctly be none),https://www.kaysville.gov/calendar.aspx?CID=0&month=10&view=list&year=2026 | https://www.kaysville.gov/accessibility | https://www.google.com/accessibility/products-features/ | https://support.mozilla.org/en-US/kb/accessibility-features-firefox | https://learn.microsoft.com/en-us/microsoft-edge/accessibility/,False
university-place-the-orchard-halloween-display,University Place / The Orchard Halloween Display,1,accommodation evidence needs review; operating dates need review; community relevance needs review (may correctly be none),https://universityplaceorem.com/events/2026-orchard-halloween-display/,False
unleash-your-inner-monster-sfx-makeup-workshop,Unleash Your Inner Monster — SFX Makeup Workshop,1,accommodation evidence needs review; community relevance needs review (may correctly be none),https://www.strideevents.com/event-calendar,False
usu-botanical-center-scarecrow-walk,USU Botanical Center Scarecrow Walk,3,accommodation evidence needs review; community relevance needs review (may correctly be none),https://extension.usu.edu/botanicalcenter/events/scarecrow-walk | https://www.usu.edu/accessibility/contact | https://www.usu.edu/accessibility/,False
utah-metropolitan-ballet-masquerade-ball,Utah Metropolitan Ballet Masquerade Ball,5,accommodation evidence needs review; community relevance needs review (may correctly be none),https://www.umballet.org/masquerade-ball | https://www.umballet.org/season | https://www.umballet.org/event-details/the-masquerade-ball | https://covey.provo.gov/FixedSeries | https://www.umballet.org,False
utah-olympic-park-autumn-scenic-chairlift,Utah Olympic Park Autumn Scenic Chairlift,3,accommodation evidence needs review; community relevance needs review (may correctly be none),https://utaholympiclegacy.org/activity/autumn-scenic-chairlift-rides/ | https://checkout.utaholympiclegacy.org | https://checkout.utaholympiclegacy.org/activities/498,False
utah-pagan-market-samhain-festival-2026-watch,Utah Pagan Market Samhain Festival — 2026 watch,1,accommodation evidence needs review; operating dates need review,https://unitedpaganmarket.com/,False
utah-pride-halloqueen-ball,Utah Pride HalloQueen Ball,4,accommodation evidence needs review,https://www.utahpride.org/events/halloqueen-ball | https://www.utahpride.org/halloqueen-ball-tickets | https://utahpridecenter.org/accessibility | https://www.w3.org/WAI/standards-guidelines/wcag/,False
utah-symphony-halloween-hijinks,Utah Symphony: Halloween Hijinks,5,admission needs deeper review; community relevance needs review (may correctly be none),https://utahsymphony.org/event/id/38949/ | https://utahsymphony.org/tickets/subscriptions/ | https://usuo.org/tickets/ticketing-services/ | https://usuo.org/schedule/ | https://usuo.org/tickets/subscriptions/,False
villains-heroes-halloween-carnival,Villains & Heroes Halloween Carnival,0,accommodation evidence needs review; community relevance needs review (may correctly be none),https://www.provo.gov/Calendar.aspx?EID=2034&calType=0&day=17&month=10&year=2026,False
viva-la-diva-trickortreat-diva,VIVA LA DIVA: TRICKORTREAT DIVA!,4,accommodation evidence needs review; community relevance needs review (may correctly be none),https://thevivaladivashow.com/ | https://thevivaladivashow.com/#events | https://thevivaladivashow.com/event/trickortreat-diva/#tribe-tickets | https://thevivaladivashow.com/event/trickortreat-diva-2/#tribe-tickets,False
wandering-wizards-halloween-vendor-market,Wandering Wizards — Halloween Vendor Market,1,accommodation evidence needs review,https://www.provotownecentre.com/events/wandering-wizards-halloween-vendor-market/,False
weber-basin-water-garden-spooktacular,Weber Basin Water Garden Spooktacular,5,accommodation evidence needs review; community relevance needs review (may correctly be none),https://www.kaysville.gov/Calendar.aspx?EID=2904&calType=0&day=23&month=10&year=2026 | https://www.kaysville.gov/accessibility | https://www.google.com/accessibility/products-features/ | https://support.mozilla.org/en-US/kb/accessibility-features-firefox | https://learn.microsoft.com/en-us/microsoft-edge/accessibility/,False
weeb-streets-3rd-annual-halloween-cosplay-party,Weeb Streets 3rd Annual Halloween Cosplay Party,1,accommodation evidence needs review; community relevance needs review (may correctly be none),https://weebstreets.com/,False
whale-fest-costume-contest-parade,Whale Fest Costume Contest + Parade,1,accommodation evidence needs review; community relevance needs review (may correctly be none),https://publicart.slc.gov/whale-fest-2026/,False
what-s-your-favorite-scream-all-scream-trivia,What’s Your Favorite SCREAM? All-Scream Trivia,1,admission needs deeper review; accommodation evidence needs review; community relevance needs review (may correctly be none),https://hunthalloween.com/event/whats-your-favorite-scream-all-scream-trivia-eid4a7h9nwa8n,False
wheeler-farm-pumpkin-days,Wheeler Farm Pumpkin Days,3,accommodation evidence needs review; community relevance needs review (may correctly be none),https://www.saltlakecounty.gov/wheeler-farm/events--program/ | https://www.saltlakecounty.gov/accessibility/ | https://www.saltlakecounty.gov/accessibility/#Reporting,False
whispers-in-the-dark-layton-scary-storytelling-festival,Whispers in the Dark — Layton Scary Storytelling Festival,2,accommodation evidence needs review; community relevance needs review (may correctly be none),https://www.weber.edu/storytelling/ | https://www.weber.edu/admissions/,False
wicked-way-5k-halloween-party,Wicked Way 5K + Halloween Party,1,accommodation evidence needs review; community relevance needs review (may correctly be none),https://runsignup.com/Race/UT/Logan/WickedWay,False
witch-run-gardner-village,Witch Run — Gardner Village,1,admission needs deeper review; accommodation evidence needs review; community relevance needs review (may correctly be none),https://www.witchrun.com/,False
witches-night-out-jungle-room,Witches Night Out — Jungle Room,3,accommodation evidence needs review; community relevance needs review (may correctly be none),https://www.visitogden.com/events/witches-night-out-5/ | https://www.visitogden.com/trip-planner/accessibility/ | https://www.visitogden.com/trip-planner/accessibility/accessible-itineraries/,False
witches-night-out-gardner-village,Witches Night Out @ Gardner Village,2,community relevance needs review (may correctly be none),https://www.gardnervillage.com/activity/witchfest | https://gardnervillagetix.com/,False
witches-night-out-train-heber-valley-railroad,Witches Night Out Train @ Heber Valley Railroad,1,community relevance needs review (may correctly be none),https://www.gohebervalley.com/witches-night-train/,False
witchy-watercolor-painting-series,Witchy Watercolor Painting Series,1,accommodation evidence needs review; community relevance needs review (may correctly be none),https://localartisancollective.com/events/witchywatercolors/,False
witchy-woman-halloween-special,Witchy Woman — Halloween Special,1,admission needs deeper review; accommodation evidence needs review,https://www.metromusichall.com/,False
zoobrew-october,ZooBrew — October,4,community relevance needs review (may correctly be none),https://www.hoglezoo.org/zoobrew/ | https://www.hoglezoo.org/tickets/#main | https://store.hoglezoo.org/webstore/shop/viewItems.aspx?cg=spec&c=zbnm | https://store.hoglezoo.org/webstore/shop/viewItems.aspx?cg=main&c=ADM,False
west-jordan-veterans-day-ceremony,West Jordan Veterans Day Ceremony,1,accommodation evidence needs review; community relevance needs review (may correctly be none),https://www.westjordan.utah.gov/city-events/veterans-day-ceremony/,False
veterans-day-concert-america-250,Veterans Day Concert – America 250,1,accommodation evidence needs review; community relevance needs review (may correctly be none),https://veterans.utah.gov/event/veterans-day-concert-america-250/,False
runtastic-thankful,Runtastic THANKFUL,2,accommodation evidence needs review; community relevance needs review (may correctly be none),https://runtasticevents.com/races/thankful/ | https://runtasticevents.com/races/thankful/accommodations/,False
north-ogden-turkey-trot,North Ogden Turkey Trot,1,accommodation evidence needs review; community relevance needs review (may correctly be none),https://runsignup.com/Race/UT/Ogden/NorthOgdenTurkeyTrot,False
south-davis-thanksgiving-day-races,South Davis Thanksgiving Day Races,1,accommodation evidence needs review; community relevance needs review (may correctly be none),https://www.southdavisraces.com/thanksgiving-day/,False
utah-human-race,Utah Human Race,1,accommodation evidence needs review; community relevance needs review (may correctly be none),https://www.utahfoodbank.org/events/utah-human-race/,False
thanksgiving-brunch,Thanksgiving Brunch,2,accommodation evidence needs review; community relevance needs review (may correctly be none),https://www.sundanceresort.com/events/thanksgiving-brunch/ | https://www.sundanceresort.com/tickets-passes/,False
luminaria,Luminaria,3,admission needs deeper review; accommodation evidence needs review; community relevance needs review (may correctly be none),https://thanksgivingpoint.org/calendar/2026/november/ | https://thanksgivingpoint.org/the-tree-of-life/ | https://thanksgivingpoint.org/events/scarecrow-festival/,False
2026-salt-lake-family-christmas-gift-show,2026 Salt Lake Family Christmas Gift Show,1,accommodation evidence needs review; operating dates need review; community relevance needs review (may correctly be none),https://www.visitsaltlake.com/mountain-america-expo-center/attend/facility-events-calendar/,False
annual-crazy-daisy-holiday-boutique,Annual Crazy Daisy Holiday Boutique,1,accommodation evidence needs review; operating dates need review; community relevance needs review (may correctly be none),https://www.visitsaltlake.com/mountain-america-expo-center/attend/facility-events-calendar/,False
christmas-in-the-village,Christmas in the Village,2,admission needs deeper review; accommodation evidence needs review; operating dates need review; community relevance needs review (may correctly be none),https://www.gardnervillage.com/christmas-in-the-village | https://gardnervillagetix.com/,False
christmas-village,Christmas Village,3,accommodation evidence needs review; operating dates need review; community relevance needs review (may correctly be none),https://www.visitogden.com/events/christmas-village1-64/ | https://www.visitogden.com/trip-planner/accessibility/ | https://www.visitogden.com/trip-planner/accessibility/accessible-itineraries/,False
messiah-sing-in,Messiah Sing-In,5,admission needs deeper review; accommodation evidence needs review,https://utahsymphony.org/event/id/39370/ | https://utahsymphony.org/tickets/subscriptions/ | https://usuo.org/tickets/ticketing-services/ | https://usuo.org/schedule/ | https://usuo.org/tickets/subscriptions/,False
the-nutcracker-ballet-west,The Nutcracker – Ballet West,4,accommodation evidence needs review; operating dates need review; community relevance needs review (may correctly be none),https://www.balletwest.org/events/detail/the-nutcracker-1 | https://www.balletwest.org/events | https://boxoffice.balletwest.org/events | https://www.balletwest.org/events/event-listing,False
christkindlmarkt-slc,Christkindlmarkt SLC,1,community relevance needs review (may correctly be none),https://www.christkindlmarkt-slc.com/,False
primary-childrens-festival-of-trees,Primary Children’s Festival of Trees,0,accommodation evidence needs review; operating dates need review; community relevance needs review (may correctly be none),https://germwatch.intermountainhealthcare.org/give/fundraising-events/festival-of-trees,False
candlelight-christmas,Candlelight Christmas,2,admission needs deeper review; accommodation evidence needs review; operating dates need review; community relevance needs review (may correctly be none),https://www.thisistheplace.org/events/ | https://www.thisistheplace.org/general-info/hours-admissions/,False
the-holiday-in-concert,The Holiday in Concert,5,admission needs deeper review; accommodation evidence needs review; community relevance needs review (may correctly be none),https://utahsymphony.org/event/id/39385/ | https://utahsymphony.org/tickets/subscriptions/ | https://usuo.org/tickets/ticketing-services/ | https://usuo.org/schedule/ | https://usuo.org/tickets/subscriptions/,False
a-cody-fry-christmas,A Cody Fry Christmas,5,admission needs deeper review; accommodation evidence needs review; community relevance needs review (may correctly be none),https://utahsymphony.org/event/id/39371/ | https://utahsymphony.org/tickets/subscriptions/ | https://usuo.org/tickets/ticketing-services/ | https://usuo.org/schedule/ | https://usuo.org/tickets/subscriptions/,False
holiday-pops-extravaganza-in-ogden,Holiday Pops Extravaganza in Ogden,4,admission needs deeper review; accommodation evidence needs review; community relevance needs review (may correctly be none),https://usuo.org/tickets/subscriptions/design-a-series/ | https://usuo.org/schedule/ | https://usuo.org/tickets/subscriptions/ | https://usuo.org/tickets/ticketing-services/,False
the-tabernacle-choir-christmas-concert,The Tabernacle Choir Christmas Concert,5,accommodation evidence needs review,https://www.thetabernaclechoir.org/christmas-concert?lang=eng | https://www.thetabernaclechoir.org/music-amp-the-spoken-word-ticketing?lang=eng | https://www.templesquare.org/eng/home | https://ticketing.churchofjesuschrist.org/eng | https://ticketing.churchofjesuschrist.org/eng?_gl=1*bzk0qj*_gcl_au*MTQ0MjUyODU2Ny4xNzg2NDcwODY1Li0uLS4xNzg3MjUxOTY5LjU0NTY2ODYzMC4xNzg3ODA3ODgxLjE3ODc4ODA1MjE.,False
holiday-pops-extravaganza,Holiday Pops Extravaganza,5,admission needs deeper review; accommodation evidence needs review; community relevance needs review (may correctly be none),https://utahsymphony.org/event/id/38878/ | https://utahsymphony.org/tickets/subscriptions/ | https://usuo.org/tickets/ticketing-services/ | https://usuo.org/schedule/ | https://usuo.org/tickets/subscriptions/,False
here-comes-santa-claus,Here Comes Santa Claus!,4,admission needs deeper review; accommodation evidence needs review; community relevance needs review (may correctly be none),https://usuo.org/tickets/subscriptions/design-a-series/ | https://usuo.org/schedule/ | https://usuo.org/tickets/subscriptions/ | https://usuo.org/tickets/ticketing-services/,False
disneys-the-muppet-christmas-carol-in-concert,Disney’s The Muppet Christmas Carol in Concert,4,admission needs deeper review; accommodation evidence needs review; community relevance needs review (may correctly be none),https://usuo.org/tickets/subscriptions/design-a-series/ | https://usuo.org/schedule/ | https://usuo.org/tickets/subscriptions/ | https://usuo.org/tickets/ticketing-services/,False
north-pole-express-2026,North Pole Express 2026,1,accommodation evidence needs review; operating dates need review; community relevance needs review (may correctly be none),https://hebervalleyrr.antix.io/event/northpoleexpress,False
new-years-eve-torchlight-parade-fireworks-show,New Year’s Eve Torchlight Parade & Fireworks Show,2,accommodation evidence needs review; community relevance needs review (may correctly be none),https://www.solitudemountain.com/things-to-do/events-and-activities/torchlight-parade-and-firework-celebration_december-31 | https://www.solitudemountain.com/plan-your-trip/tickets-and-passes,False
lindon-turkey-trot-2026,Lindon Turkey Trot 2026,5,accommodation evidence needs review; community relevance needs review (may correctly be none),https://lindon.gov/315/Community-Events | https://lindon.gov/site/accessibility | https://www.google.com/accessibility/products-features/ | https://support.mozilla.org/en-US/kb/accessibility-features-firefox | https://learn.microsoft.com/en-us/microsoft-edge/accessibility/,False
yule-fairs-at-crone-s-hollow,Yule Fairs at Crone's Hollow,0,accommodation evidence needs review; operating dates need review,https://nowplayingutah.com/event/yule-fairs-at-crones-hollow/,False
ascent-chorus-temple-square-christmas-concert,Ascent Chorus Temple Square Christmas Concert,1,accommodation evidence needs review; community relevance needs review (may correctly be none),https://ascentchorus.org/,False
simple-treasures-heber-valley-holiday-boutique,Simple Treasures Heber Valley Holiday Boutique,1,accommodation evidence needs review; operating dates need review; community relevance needs review (may correctly be none),https://www.gohebervalley.com/simple-treasures-boutique-market/,False
cottages-for-the-children-gingerbread-house-auction,Cottages for the Children Gingerbread House Auction,1,accommodation evidence needs review; operating dates need review; community relevance needs review (may correctly be none),https://www.gohebervalley.com/simple-treasures-boutique-market/,False
a-kurt-bestor-christmas-salt-lake-city,A Kurt Bestor Christmas — Salt Lake City,4,admission needs deeper review; accommodation evidence needs review; operating dates need review; community relevance needs review (may correctly be none),https://www.saltlakecountyarts.org/events/kurt-bestor-christmas/ | https://www.saltlakecountyarts.org/ticket-office-information/ | https://www.saltlakecountyarts.org/ticket-as-fare/ | https://arttix.queue-it.net/?c=arttix&e=2026safetynet&ver=v3-aspnetcore-3.7.0&cver=26&man=SafetyNet2024&t=https%3A%2F%2Fmy.arttix.org%2Foverview%2F40185%2F,False
a-drag-queen-christmas,A Drag Queen Christmas,3,admission needs deeper review; accommodation evidence needs review,https://utahpresents.org/event/guest-presenter/a-drag-queen-christmas | https://utahpresents.org/visit/ticketing | https://utahpresents.org/events2/tickets/drag?title=A%20Drag%20Queen%20Christmas&back=a-drag-queen-christmas&instanceId=184401,False
caleb-chapman-s-cool-yule,Caleb Chapman's Cool Yule,3,accommodation evidence needs review; community relevance needs review (may correctly be none),https://www.visitogden.com/events/caleb-chapmans-cool-yule/ | https://www.visitogden.com/trip-planner/accessibility/ | https://www.visitogden.com/trip-planner/accessibility/accessible-itineraries/,False
live-nativity-christmas-celebration,Live Nativity Christmas Celebration,1,accommodation evidence needs review,https://www.gohebervalley.com/nativity-christmas-celebration/,False
dinos-in-the-snow,Dinos in the Snow,2,accommodation evidence needs review; operating dates need review; community relevance needs review (may correctly be none),https://dinosaurpark.org/dinos-in-the-snow/ | https://dinosaurpark.org/membership/ticket/,False
o-come-all-ye-faithful-salt-lake-choral-artists,"O Come, All Ye Faithful — Salt Lake Choral Artists",2,admission needs deeper review; accommodation evidence needs review; operating dates need review; community relevance needs review (may correctly be none),https://saltlakechoralartists.org/holiday/ | https://saltlakechoralartists.org/tickets/,False
sterling-singers-2026-christmas-concert,Sterling Singers 2026 Christmas Concert,1,accommodation evidence needs review; operating dates need review; community relevance needs review (may correctly be none),https://sterlingsingers.org/,False
a-magical-cirque-christmas,A Magical Cirque Christmas,2,admission needs deeper review; accommodation evidence needs review; operating dates need review; community relevance needs review (may correctly be none),https://www.live-at-the-eccles.com/events/a-magical-cirque-christmas | https://arttix.queue-it.net/?c=arttix&e=2026safetynet&ver=v3-aspnetcore-3.7.0&cver=26&man=SafetyNet2024&t=https%3A%2F%2Fmy.arttix.org%2Foverview%2F40155%2F%3Fpremove%3DY%26,False
centerville-tree-lighting,Centerville Tree Lighting,1,accommodation evidence needs review; community relevance needs review (may correctly be none),https://www.centervilleutah.gov/recreation-culture/events/tree-lighting/,False
pioneer-christmas-at-whitaker-museum,Pioneer Christmas at Whitaker Museum,1,accommodation evidence needs review; operating dates need review; community relevance needs review (may correctly be none),https://www.centervilleutah.gov/recreation-culture/museum-and-history/museum-events/pioneer-christmas/,False
syracuse-city-christmas-concert,Syracuse City Christmas Concert,1,accommodation evidence needs review; community relevance needs review (may correctly be none),https://syracuseut.gov/576/Christmas-Concert,False
lights-before-christmas-kickoff,Lights Before Christmas Kickoff,2,accommodation evidence needs review; community relevance needs review (may correctly be none),https://www.laytoncityutah.gov/LC/CommunityCalendar | https://www.laytoncityutah.gov/LC/City/ADA_Accessibility,False
lights-before-christmas-display,Lights Before Christmas Display,2,accommodation evidence needs review; community relevance needs review (may correctly be none),https://www.laytoncityutah.gov/LC/CommunityCalendar | https://www.laytoncityutah.gov/LC/City/ADA_Accessibility,False
layton-holiday-hayrides,Layton Holiday Hayrides,2,accommodation evidence needs review; community relevance needs review (may correctly be none),https://www.laytoncityutah.gov/LC/CommunityCalendar | https://www.laytoncityutah.gov/LC/City/ADA_Accessibility,False
lighting-of-riverwoods-2026,Lighting of Riverwoods 2026,1,accommodation evidence needs review; community relevance needs review (may correctly be none),https://shopsatriverwoods.com/event/lighting-of-riverwoods-2026/,False
imagine-ballet-theatre-the-nutcracker,Imagine Ballet Theatre: The Nutcracker,4,accommodation evidence needs review; operating dates need review; community relevance needs review (may correctly be none),https://ogdenpet.com/ | https://ogdenpet.com/events/ | https://www.etix.com/ticket/e/1060138/?partner_id=100&#038;_gl=1*4i9j6p*_ga*MTY2NTQxMzAyMC4xNzgyODU5Njky*_ga_L8GH107790*czE3ODQzMTQ3MzkkbzMyJGcxJHQxNzg0MzE1MTM5JGoyJGwwJGgyMTA1NTg3MTAw*_ga_NTPK2K1GK2*czE3ODQzMTQ3MzkkbzYxJGcxJHQxNzg0MzE1MTM5JGoyJGwwJGgxMDQwMTI1ODg. | https://www.etix.com/ticket/p/94984232/silent-film-ogden-peerys-egyptian-theater?partner_id=100,False
library-hall-presents-the-nutcracker,Library Hall Presents: The Nutcracker,0,accommodation evidence needs review; operating dates need review; community relevance needs review (may correctly be none),https://libhall.orem.org/,False
cache-valley-civic-ballet-the-nutcracker,Cache Valley Civic Ballet: The Nutcracker,5,admission needs deeper review; accommodation evidence needs review; operating dates need review; community relevance needs review (may correctly be none),https://www.cachearts.org/ | https://www.cachearts.org/shows/journey-usa---the-hits-of-journey | https://www.cachearts.org/shows/a-dance-double-bill-under-the-bed-dracula | https://www.cachearts.org/shows/shanghai-ballet | https://ci.ovationtix.com/36675/production/1270210,False
byu-theatre-ballet-the-nutcracker,BYU Theatre Ballet: The Nutcracker,4,accommodation evidence needs review; community relevance needs review (may correctly be none),https://onstage.byu.edu/ | https://byutickets.evenue.net/events/FLEX | https://byutickets.evenue.net/list/FA | https://onstage.byu.edu/ticket-information,False
snow-day-a-holiday-family-concert,Snow Day! A Holiday Family Concert,4,accommodation evidence needs review; community relevance needs review (may correctly be none),https://saltlakesymphony.org/events/ | https://saltlakesymphony.org/event/music-from-the-minds-eye/#tribe-tickets__tickets-form | https://saltlakesymphony.org/event/snow-day-a-holiday-family-concert/#tribe-tickets__tickets-form | https://saltlakesymphony.org/event/13877/#tribe-tickets__tickets-form,False
the-pigeon-gets-a-big-time-holiday-extravaganza,The Pigeon Gets a Big Time Holiday Extravaganza!,3,admission needs deeper review; accommodation evidence needs review; operating dates need review; community relevance needs review (may correctly be none),https://saltlakeactingcompany.org/ | https://purchase.saltlakeactingcompany.org/Events | https://saltlakeactingcompany.org/shows-ticketing/ticket-pricing,False
uvu-sounds-of-the-season,UVU Sounds of the Season,5,admission needs deeper review; accommodation evidence needs review; operating dates need review; community relevance needs review (may correctly be none),https://www.uvu.edu/thenoorda/ | https://www.etix.com/ticket/k/13396734/signature-series-package-orem-uvu-noorda-center-for-the-performing-arts | https://www.uvu.edu/admissions/ | https://www.uvu.edu/admissions/ | https://www.uvu.edu/admissions/events/,False
a-christmas-story-the-musical,A Christmas Story: The Musical,4,admission needs deeper review; accommodation evidence needs review; operating dates need review; community relevance needs review (may correctly be none),https://scera.org/event-category/scera-center-for-the-arts/ | https://scera.org/event-category/live-theater/ | https://scera.org/event-category/concerts/ | https://scera.org/event-category/special-events/,False
caleb-chapman-s-crescent-christmas-cool-yule-orem,Caleb Chapman's Crescent Christmas: COOL YULE — Orem,4,admission needs deeper review; accommodation evidence needs review; operating dates need review; community relevance needs review (may correctly be none),https://scera.org/event-category/scera-center-for-the-arts/ | https://scera.org/event-category/live-theater/ | https://scera.org/event-category/concerts/ | https://scera.org/event-category/special-events/,False
grand-america-holiday-tea,Grand America Holiday Tea,3,accommodation evidence needs review; community relevance needs review (may correctly be none),https://www.grandamerica.com/events/holiday-tea-2026-11-05?d=1791318404689 | https://www.grandamerica.com/accessibility | https://www.w3.org/TR/WCAG20/,False
umfa-holiday-market-2026,UMFA Holiday Market 2026,2,accommodation evidence needs review; operating dates need review; community relevance needs review (may correctly be none),https://umfa.utah.edu/event/holiday-market-2026/2026-12-05/ | https://umfa.utah.edu/visit/museum-accessibility/,False
a-krampus-karol,A Krampus Karol,3,admission needs deeper review; accommodation evidence needs review; operating dates need review; community relevance needs review (may correctly be none),https://angelustheatre.com/ | https://angelustheatre.com/event/concert-for-mike-annual-memorial-concert-for-michael-c-boothe/ | https://angelustheatre.com/book-now/,False
the-darkest-night,The Darkest Night,5,accommodation evidence needs review; community relevance needs review (may correctly be none),https://www.tourdebrewtah.com/ | https://events.humanitix.com/2026-tour-de-brewtah | https://events.humanitix.com/the-darkest-night-a-winter-solstice-dark-beer-fest | https://events.humanitix.com/2026-tour-de-brewtah#tickets | https://humanitix.com/us,False
sojo-santa-sprint,SoJo Santa Sprint,5,accommodation evidence needs review; community relevance needs review (may correctly be none),https://www.sjc.utah.gov/239/SoJo-Race-Series | https://www.sjc.utah.gov/153/Accessibility | https://www.sjc.utah.gov/153/Accessibility | https://www.sjc.utah.gov/FormCenter/Communications-13/Accessibility-165 | https://www.google.com/accessibility/products-features/,False
winter-celebrations,Winter Celebrations,0,accommodation evidence needs review; community relevance needs review (may correctly be none),https://slcls.libnet.info/event/17068851,False
a-visit-with-santa-mrs-claus,A Visit with Santa & Mrs. Claus,0,accommodation evidence needs review; community relevance needs review (may correctly be none),https://slcls.libnet.info/event/16899098,False
carpenters-platinum-christmas-tribute,Carpenters Platinum Christmas Tribute,0,admission needs deeper review; accommodation evidence needs review; community relevance needs review (may correctly be none),https://www.provo.gov/1457/Coming-Events,False
peter-breinholt-christmas-concert,Peter Breinholt Christmas Concert,0,admission needs deeper review; accommodation evidence needs review; community relevance needs review (may correctly be none),https://www.provo.gov/1023/Covey-Presents,False
a-thrill-of-hope-a-christmas-concert,A Thrill of Hope: A Christmas Concert,0,admission needs deeper review; accommodation evidence needs review; community relevance needs review (may correctly be none),https://www.provo.gov/1023/Covey-Presents,False
a-truman-brothers-christmas,A Truman Brothers Christmas,0,admission needs deeper review; accommodation evidence needs review; community relevance needs review (may correctly be none),https://www.provo.gov/1023/Covey-Presents,False
shaun-johnson-an-improvised-christmas,Shaun Johnson: An Improvised Christmas,0,admission needs deeper review; accommodation evidence needs review; operating dates need review; community relevance needs review (may correctly be none),https://www.provo.gov/1023/Covey-Presents,False
messiah-sing-along-provo,Messiah Sing-Along — Provo,0,accommodation evidence needs review,https://www.provo.gov/1023/Covey-Presents,False
magical-lantern-nights,Magical Lantern Nights,1,accommodation evidence needs review; operating dates need review; community relevance needs review (may correctly be none),https://magicallanternnights.com/event-details,False
always-queer-market-holiday-market,Always Queer Market — Holiday Market,5,accommodation evidence needs review,https://www.eventbrite.com/e/always-queer-market-tickets-1146339495289 | https://www.eventbrite.com/signin/signup?referrer=%2Fmytickets | https://www.eventbrite.com/organizer/features/sell-tickets/ | https://www.eventbrite.com/help/en-us/articles/319355/where-are-my-tickets/ | https://www.eventbrite.com/organizer/features/reserved-seating/,False
always-queer-market-winter-market,Always Queer Market — Winter Market,5,accommodation evidence needs review,https://www.eventbrite.com/e/always-queer-market-tickets-1146339495289 | https://www.eventbrite.com/signin/signup?referrer=%2Fmytickets | https://www.eventbrite.com/organizer/features/sell-tickets/ | https://www.eventbrite.com/help/en-us/articles/319355/where-are-my-tickets/ | https://www.eventbrite.com/organizer/features/reserved-seating/,False
2026-latin-jingle-dance-party,2026 Latin Jingle Dance Party,1,accommodation evidence needs review; community relevance needs review (may correctly be none),https://utahsalsa.com/grinch-latin-jingle/,False
carol-of-drums-festival,Carol of Drums Festival,3,admission needs deeper review; accommodation evidence needs review; community relevance needs review (may correctly be none),https://www.weber.edu/artscalendar | https://www.weber.edu/admissions/ | https://weber.evenue.net/list/GS,False
wsu-symphonic-band-songs-of-the-season,WSU Symphonic Band: Songs of the Season,3,admission needs deeper review; accommodation evidence needs review; community relevance needs review (may correctly be none),https://www.weber.edu/artscalendar | https://www.weber.edu/admissions/ | https://weber.evenue.net/list/GS,False
tidings-of-joy-41st-annual-holiday-choir-concert,Tidings of Joy: 41st Annual Holiday Choir Concert,3,admission needs deeper review; accommodation evidence needs review; community relevance needs review (may correctly be none),https://www.weber.edu/artscalendar | https://www.weber.edu/admissions/ | https://weber.evenue.net/list/GS,False
utah-santa-5k-10k-half-marathon-gardner-village,"Utah Santa 5K, 10K & Half Marathon — Gardner Village",2,accommodation evidence needs review; community relevance needs review (may correctly be none),https://www.gardnervillage.com/events/detail/Gardner-Village-Events/santa-5k-run | https://gardnervillagetix.com/,False
breakfast-with-santa-gardner-village,Breakfast with Santa — Gardner Village,4,accommodation evidence needs review; operating dates need review; community relevance needs review (may correctly be none),https://www.gardnervillage.com/events/detail/Gardner-Village-Events/breakfast-with-santa | https://gardnervillagetix.com/ | https://www.gardnervillagetix.com/breakfast-with-santa | https://www.gardnervillagetix.com/,False
ogden-santa-run,Ogden Santa Run,3,accommodation evidence needs review; community relevance needs review (may correctly be none),https://www.visitogden.com/events/signature/christmas-village/ | https://www.visitogden.com/trip-planner/accessibility/ | https://www.visitogden.com/trip-planner/accessibility/accessible-itineraries/,False
ogden-holiday-electric-light-parade,Ogden Holiday Electric Light Parade,3,accommodation evidence needs review; community relevance needs review (may correctly be none),https://www.visitogden.com/events/signature/christmas-village/ | https://www.visitogden.com/trip-planner/accessibility/ | https://www.visitogden.com/trip-planner/accessibility/accessible-itineraries/,False
ogden-christmas-village-opening-ceremony-fireworks,Ogden Christmas Village Opening Ceremony & Fireworks,3,accommodation evidence needs review; community relevance needs review (may correctly be none),https://www.visitogden.com/events/signature/christmas-village/ | https://www.visitogden.com/trip-planner/accessibility/ | https://www.visitogden.com/trip-planner/accessibility/accessible-itineraries/,False
holiday-ceramics-taylorsville-library,Holiday Ceramics — Taylorsville Library,0,accommodation evidence needs review; community relevance needs review (may correctly be none),https://slcls.libnet.info/,False
family-fun-night-faux-stained-glass-art,Family Fun Night: Faux Stained Glass Art,0,accommodation evidence needs review; community relevance needs review (may correctly be none),https://slcls.libnet.info/,False
cottonwood-presbyterian-church-bell-choir-at-whitmore,Cottonwood Presbyterian Church Bell Choir at Whitmore,0,accommodation evidence needs review; community relevance needs review (may correctly be none),https://slcls.libnet.info/,False
teen-scene-holiday-party,Teen Scene: Holiday Party,0,accommodation evidence needs review; community relevance needs review (may correctly be none),https://slcls.libnet.info/,False
nutcracker-suite-holiday-celebration-holladay-library,Nutcracker Suite Holiday Celebration — Holladay Library,0,accommodation evidence needs review; community relevance needs review (may correctly be none),https://slcls.libnet.info/,False
noon-year-celebration-tyler-library,Noon Year Celebration — Tyler Library,0,accommodation evidence needs review; community relevance needs review (may correctly be none),https://slcls.libnet.info/,False
noon-year-s-eve-daybreak-library,Noon Year's Eve — Daybreak Library,0,accommodation evidence needs review; community relevance needs review (may correctly be none),https://slcls.libnet.info/event/17494818,False
orem-holiday-performance-utah-baroque-ensemble,Orem Holiday Performance: Utah Baroque Ensemble,0,accommodation evidence needs review; community relevance needs review (may correctly be none),https://libhall.orem.org/,False
orem-holiday-performance-cantorum-chamber-choir,Orem Holiday Performance: Cantorum Chamber Choir,0,accommodation evidence needs review; community relevance needs review (may correctly be none),https://libhall.orem.org/,False
orem-holiday-performance-celtic-holiday-night,Orem Holiday Performance: Celtic Holiday Night,0,accommodation evidence needs review; community relevance needs review (may correctly be none),https://libhall.orem.org/,False
orem-holiday-performance-mapleton-chorale,Orem Holiday Performance: Mapleton Chorale,0,accommodation evidence needs review; community relevance needs review (may correctly be none),https://libhall.orem.org/,False
orem-holiday-performance-chauntenettes-women-s-chorus,Orem Holiday Performance: Chauntenettes Women's Chorus,0,accommodation evidence needs review; community relevance needs review (may correctly be none),https://libhall.orem.org/,False
orem-holiday-performance-a-christmas-carol,Orem Holiday Performance: A Christmas Carol,0,accommodation evidence needs review; community relevance needs review (may correctly be none),https://libhall.orem.org/,False
breakfast-with-santa-grand-america,Breakfast with Santa — Grand America,3,accommodation evidence needs review; operating dates need review; community relevance needs review (may correctly be none),https://www.grandamerica.com/events/breakfast-with-santa-2026-12-18 | https://www.grandamerica.com/accessibility | https://www.w3.org/TR/WCAG20/,False
breakfast-with-santa-little-america,Breakfast with Santa — Little America,3,accommodation evidence needs review; community relevance needs review (may correctly be none),https://www.saltlake.littleamerica.com/events/breakfast-with-santa-2026-12-06 | https://www.saltlake.littleamerica.com/accessibility | https://www.w3.org/TR/WCAG20/,False
holiday-at-university-place-2026,Holiday at University Place 2026,3,accommodation evidence needs review; operating dates need review; community relevance needs review (may correctly be none),https://www.eventeny.com/events/holiday-at-university-place-2026-34269/ | https://www.eventeny.com/ticketing/ | https://www.eventeny.com/users/?ref=/users/show/,False
scera-christmas-maker-s-market,SCERA Christmas Maker's Market,4,accommodation evidence needs review; operating dates need review; community relevance needs review (may correctly be none),https://scera.org/ | https://scera.org/event-category/live-theater/ | https://scera.org/event-category/concerts/ | https://scera.org/event-category/special-events/,False
a-christmas-with-nathan-pacheco,A Christmas with Nathan Pacheco,3,admission needs deeper review; accommodation evidence needs review; community relevance needs review (may correctly be none),https://www.saltlakecountyarts.org/events/ | https://www.saltlakecountyarts.org/ticket-office-information/ | https://www.saltlakecountyarts.org/ticket-as-fare/,False
university-of-utah-holiday-art-sale,University of Utah Holiday Art Sale,4,accommodation evidence needs review; operating dates need review; community relevance needs review (may correctly be none),https://www.art.utah.edu/ | https://www.utah.edu/nondiscrimination/ | https://admissions.utah.edu/ | https://utahtickets.com,False
a-christmas-carol-hale-centre-theatre,A Christmas Carol — Hale Centre Theatre,1,accommodation evidence needs review; operating dates need review; community relevance needs review (may correctly be none),https://hct.org/Online/default.asp?BOparam::WScontent::loadArticle::permalink=CC2026,False
a-christmas-carol-ogden-musical-theatre,A Christmas Carol — Ogden Musical Theatre,4,admission needs deeper review; accommodation evidence needs review; operating dates need review; community relevance needs review (may correctly be none),https://ogdenpet.com/ | https://ogdenpet.com/events/ | https://www.etix.com/ticket/e/1060138/?partner_id=100&#038;_gl=1*4i9j6p*_ga*MTY2NTQxMzAyMC4xNzgyODU5Njky*_ga_L8GH107790*czE3ODQzMTQ3MzkkbzMyJGcxJHQxNzg0MzE1MTM5JGoyJGwwJGgyMTA1NTg3MTAw*_ga_NTPK2K1GK2*czE3ODQzMTQ3MzkkbzYxJGcxJHQxNzg0MzE1MTM5JGoyJGwwJGgxMDQwMTI1ODg. | https://www.etix.com/ticket/p/94984232/silent-film-ogden-peerys-egyptian-theater?partner_id=100,False
a-mariachi-christmas-mariachi-herencia-de-mexico,A Mariachi Christmas — Mariachi Herencia de México,0,admission needs deeper review; accommodation evidence needs review; community relevance needs review (may correctly be none),https://www.uvu.edu/thenoorda/signature-series/mariachi.html,False
humbug-the-musical,HUMBUG! The Musical,2,admission needs deeper review; accommodation evidence needs review; operating dates need review; community relevance needs review (may correctly be none),https://www.uvu.edu/thenoorda/signature-series/ | https://www.etix.com/ticket/k/13396734/signature-series-package-orem-uvu-noorda-center-for-the-performing-arts,False
byu-vocal-point-noteworthy-a-new-christmas-tradition,BYU Vocal Point & Noteworthy: A New Christmas Tradition,2,admission needs deeper review; accommodation evidence needs review; community relevance needs review (may correctly be none),https://www.onstageogden.org/ | https://onstageogden.my.salesforce-sites.com/ticket/#/ | https://docs.google.com/forms/d/e/1FAIpQLScNrPKm28z5TlNpgYmv0NANLnGH4mfCoiYA2x9hQV4PuCYSaw/viewform | https://docs.google.com/forms/d/1Qn5QjkNoDeg2vR48WZ4wAYjhoFR_Vb00t8f5gruBmjM/edit,False
byu-celebration-of-christmas,BYU Celebration of Christmas,0,accommodation evidence needs review; community relevance needs review (may correctly be none),https://pam.byu.edu/,False
a-kurt-bestor-christmas-logan,A Kurt Bestor Christmas — Logan,5,accommodation evidence needs review; community relevance needs review (may correctly be none),https://www.cachearts.org/ | https://www.cachearts.org/shows/journey-usa---the-hits-of-journey | https://www.cachearts.org/shows/a-dance-double-bill-under-the-bed-dracula | https://www.cachearts.org/shows/shanghai-ballet | https://ci.ovationtix.com/36675/production/1270210,False
christmas-in-the-canyon-tuacahn,Christmas in the Canyon — Tuacahn,4,admission needs deeper review; accommodation evidence needs review; operating dates need review; community relevance needs review (may correctly be none),https://www.tuacahn.org/concert/christmas-in-the-canyon-2026/ | https://www.tuacahn.org/concert/christmas-in-the-canyon-2026/ | https://www.tuacahn.org/calendar/ | https://www.tuacahn.org/groups/,False
holiday-inn-tuacahn,Holiday Inn — Tuacahn,3,admission needs deeper review; accommodation evidence needs review; operating dates need review; community relevance needs review (may correctly be none),https://www.tuacahn.org/show/holiday-inn/ | https://www.tuacahn.org/calendar/ | https://www.tuacahn.org/groups/,False
diwali-family-celebration,Diwali Family Celebration,0,accommodation evidence needs review; operating dates need review,https://slcls.libnet.info/event/16604683,False
a-utah-pre-chanukah-celebration,A Utah Pre-Chanukah Celebration,1,accommodation evidence needs review,https://utahstatecapitol.utah.gov/events/month/2026-12/,False
hanukkah-celebration-at-waldorf-astoria-park-city,Hanukkah Celebration at Waldorf Astoria Park City,3,accommodation evidence needs review,https://www.hilton.com/en/hotels/slcdmwa-waldorf-astoria-park-city/experiences/holidays/ | https://www.hilton.com/en/p/accessibility/ | https://www.hilton.com/en/p/partner-accommodations-terms/,False
nhmu-family-seasonal-science-winter-solstice-dec-13,NHMU Family Seasonal Science: Winter Solstice — Dec 13,5,accommodation evidence needs review; community relevance needs review (may correctly be none),https://nhmu.utah.edu/events/nhmu-family-seasonal-science-winter-solstice-1 | https://nhmu.utah.edu/visit/get-tickets | https://nhmu.utah.edu/visit/welcome | https://nhmu.utah.edu/visit | https://nhmu.utah.edu/visit/welcome/discounts-special-offers,False
nhmu-family-seasonal-science-winter-solstice-dec-19,NHMU Family Seasonal Science: Winter Solstice — Dec 19,5,accommodation evidence needs review; community relevance needs review (may correctly be none),https://nhmu.utah.edu/events/nhmu-family-seasonal-science-winter-solstice-0 | https://nhmu.utah.edu/visit/get-tickets | https://nhmu.utah.edu/visit/welcome | https://nhmu.utah.edu/visit | https://nhmu.utah.edu/visit/welcome/discounts-special-offers,False
winter-solstice-sound-bath-alta,Winter Solstice Sound Bath — Alta,1,accommodation evidence needs review; community relevance needs review (may correctly be none),https://www.playeasy.com/events/01a0d238-e53a-7371-9427-871bb4eb8cd1,False
winter-solstice-sound-bath-bow-sanctuary,Winter Solstice Sound Bath — Bow Sanctuary,5,accommodation evidence needs review; community relevance needs review (may correctly be none),https://www.mysticheartbeats.com/events | https://www.eventbrite.com/e/mystic-heart-gong-sound-bath-tickets-1997310656941 | https://www.eventbrite.com/e/mystic-heart-gong-sound-bath-tickets-1995954267945 | https://www.eventbrite.com/e/mystic-heart-gong-sound-bath-tickets-1988335837013?aff=oddtdtcreator | https://www.eventbrite.com/signin/signup?referrer=%2Fmytickets,False
our-lady-of-guadalupe-celebration-st-bede-s,Our Lady of Guadalupe Celebration — St. Bede's,0,accommodation evidence needs review; community relevance needs review (may correctly be none),https://stbedesepiscopal.org/,False
las-posadas-st-bede-s,Las Posadas — St. Bede's,0,accommodation evidence needs review; community relevance needs review (may correctly be none),https://stbedesepiscopal.org/,False
mosaic-turkey-fixins-give-a-way,MOSAIC Turkey & Fixins' Give-A-Way,1,accommodation evidence needs review; community relevance needs review (may correctly be none),https://lssu.org/calendar,False
paag-thanksgiving-dinner,PAAG Thanksgiving Dinner,1,accommodation evidence needs review; operating dates need review; community relevance needs review (may correctly be none),https://www.paagutah.org/paag-events/thanksgiving-dinner,False
paag-christmas-dinner,PAAG Christmas Dinner,1,accommodation evidence needs review; community relevance needs review (may correctly be none),https://www.paagutah.org/,False
sojo-turkey-run-5k-10k,SoJo Turkey Run 5K/10K,5,accommodation evidence needs review; community relevance needs review (may correctly be none),https://www.sjc.utah.gov/1694/SoJo-Turkey-Run-5K10K | https://www.sjc.utah.gov/153/Accessibility | https://www.sjc.utah.gov/153/Accessibility | https://www.sjc.utah.gov/FormCenter/Communications-13/Accessibility-165 | https://www.google.com/accessibility/products-features/,False
cowgirl-christmas,Cowgirl Christmas,5,accommodation evidence needs review; community relevance needs review (may correctly be none),https://www.eventbrite.com/e/cowgirl-christmas-tickets-2002302238897 | https://www.eventbrite.com/signin/signup?referrer=%2Fmytickets | https://www.eventbrite.com/organizer/features/sell-tickets/ | https://www.eventbrite.com/help/en-us/articles/319355/where-are-my-tickets/ | https://www.eventbrite.com/organizer/features/reserved-seating/,False
12-bars-of-christmas-bar-crawl-salt-lake-city,12 Bars of Christmas Bar Crawl — Salt Lake City,5,accommodation evidence needs review; community relevance needs review (may correctly be none),https://crawlwith.us/saltlakecity/christmas/ | https://www.eventbrite.com/e/12-bars-of-christmas-bar-crawl-salt-lake-city-tickets-1612342613159 | https://www.eventbrite.com/signin/signup?referrer=%2Fmytickets | https://www.eventbrite.com/organizer/features/sell-tickets/ | https://www.eventbrite.com/help/en-us/articles/319355/where-are-my-tickets/,False
salt-lake-city-santacon-bar-crawl-2026,Salt Lake City SantaCon Bar Crawl 2026,2,admission needs deeper review; accommodation evidence needs review; community relevance needs review (may correctly be none),https://pubcrawls.com/city/salt-lake-city-ut/ | https://pubcrawls.com/tribe_events/,False
salt-lake-city-ugly-sweater-bar-crawl-2026,Salt Lake City Ugly Sweater Bar Crawl 2026,2,admission needs deeper review; accommodation evidence needs review; community relevance needs review (may correctly be none),https://pubcrawls.com/tribe_events/salt-lake-city-ugly-sweater-bar-crawl/ | https://pubcrawls.com/tribe_events/,False
ugly-sweater-bingo,Ugly Sweater Bingo,0,accommodation evidence needs review; community relevance needs review (may correctly be none),https://slcls.libnet.info/event/17068194,False
last-minute-gifting-dec-15,Last Minute Gifting — Dec 15,0,accommodation evidence needs review; community relevance needs review (may correctly be none),https://slcls.libnet.info/event/16874311,False
last-minute-gifting-dec-22,Last Minute Gifting — Dec 22,0,accommodation evidence needs review; community relevance needs review (may correctly be none),https://slcls.libnet.info/event/16874312,False
draper-holiday-market,Draper Holiday Market,2,accommodation evidence needs review; operating dates need review; community relevance needs review (may correctly be none),https://www.draperutah.gov/events-programs/community-events/holiday-market/ | https://www.draperutah.gov/events-programs/community-events/holiday-market/#collapse_57b0a14e-1326-4d75-bffb-7b163f3ada64_2,False
draper-candy-cane-hunt,Draper Candy Cane Hunt,2,accommodation evidence needs review; community relevance needs review (may correctly be none),https://www.draperutah.gov/events-programs/community-events/candy-cane-hunt/ | https://www.draperutah.gov/events-programs/community-events/candy-cane-hunt/#collapse_ab60df2d-fac1-4840-8347-0e6f788e5ba4_2,False
draper-tree-lighting-ceremony,Draper Tree Lighting Ceremony,2,accommodation evidence needs review; community relevance needs review (may correctly be none),https://www.draperutah.gov/events-programs/community-events/tree-lighting-ceremony/ | https://www.draperutah.gov/events-programs/community-events/tree-lighting-ceremony/#collapse_9c44d4e8-3118-4988-bbb1-1cadddf2c793_2,False
miracle-on-34th-street-the-musical,Miracle on 34th Street — The Musical,5,accommodation evidence needs review; operating dates need review; community relevance needs review (may correctly be none),https://murray.utah.gov/Calendar.aspx?EID=3259 | https://murray.utah.gov/accessibility | https://www.google.com/accessibility/products-features/ | https://support.mozilla.org/en-US/kb/accessibility-features-firefox | https://learn.microsoft.com/en-us/microsoft-edge/accessibility/,False
craft-lake-city-holiday-market,Craft Lake City Holiday Market,3,accommodation evidence needs review; community relevance needs review (may correctly be none),https://craftlakecity.com/holiday-market/ | https://www.24tix.com/events/l72r7uhi35hy7gtpwup6ksyhpq | https://craftlakecity.com/accessibility/,False
midvale-light-up-main-street,Midvale Light Up Main Street,1,accommodation evidence needs review; community relevance needs review (may correctly be none),https://engagemidvale.com/2026-light-up-main,False
spirit-of-the-season-at-camp-floyd,Spirit of the Season at Camp Floyd,4,accommodation evidence needs review; community relevance needs review (may correctly be none),https://stateparks.utah.gov/events/month/2026-12/ | https://stateparks.utah.gov/accessibility/ | https://docs.google.com/document/d/e/2PACX-1vS7BjBbjGLBP1MSeZu8g0-Kn-HwZuYW6-TLICoX9fofbiHNCfUAhDBEp6vJEFkdH3xtwc69FukMKO__/pub?urp=gmail_link | https://wildlife.utah.gov/accessibility/fishing | https://wildlife.utah.gov/accessibility/viewing,False
hometown-christmas-tree-festival,Hometown Christmas & Tree Festival,5,accommodation evidence needs review; community relevance needs review (may correctly be none),https://exploremorganutah.com/events-calendar/list/?tribe-bar-date=2026-09-13 | https://www.morgancountyfair.org/ | https://exploremorganutah.com/technology-accessibility-statement/ | https://morgancountyfair.ticketspice.com/jr-rodeo-spectator-2026 | https://www.morgancountyfair.org/events---activities#Rodeo,False
saturday-with-santa-taylorsville,Saturday with Santa — Taylorsville,0,accommodation evidence needs review; community relevance needs review (may correctly be none),https://www.taylorsvilleut.gov/Home/Components/Calendar/Event/4803/70?npage=3,False
joy-to-the-world-a-sacred-celebration,Joy to the World! A Sacred Celebration,0,accommodation evidence needs review; community relevance needs review (may correctly be none),https://nowplayingutah.com/event/joy-to-the-world-a-sacred-celebration-4/,False
christmas-around-the-world,Christmas Around the World,0,accommodation evidence needs review; operating dates need review; community relevance needs review (may correctly be none),https://nowplayingutah.com/event/christmas-around-the-world-2/,False
tuba-christmas-byu,Tuba Christmas — BYU,4,accommodation evidence needs review; community relevance needs review (may correctly be none),https://onstage.byu.edu/ | https://byutickets.evenue.net/events/FLEX | https://byutickets.evenue.net/list/FA | https://onstage.byu.edu/ticket-information,False
christmas-with-vocal-point-noteworthy-provo,Christmas with Vocal Point & Noteworthy — Provo,4,accommodation evidence needs review; community relevance needs review (may correctly be none),https://onstage.byu.edu/ | https://byutickets.evenue.net/events/FLEX | https://byutickets.evenue.net/list/FA | https://onstage.byu.edu/ticket-information,False
brassworks-christmas-brass,Brassworks: Christmas Brass,4,accommodation evidence needs review; community relevance needs review (may correctly be none),https://onstage.byu.edu/ | https://byutickets.evenue.net/events/FLEX | https://byutickets.evenue.net/list/FA | https://onstage.byu.edu/ticket-information,False
lens-and-light-film-series-white-christmas,Lens and Light Film Series: White Christmas,0,accommodation evidence needs review; community relevance needs review (may correctly be none),https://nowplayingutah.com/event/?page=29,False
ace-holiday-art-market-2026,ACE Holiday Art Market 2026,1,accommodation evidence needs review; community relevance needs review (may correctly be none),https://altacommunity.org/events/holiday-art-market-2026,False
2026-daybreak-winter-market,2026 Daybreak Winter Market,3,accommodation evidence needs review; operating dates need review; community relevance needs review (may correctly be none),https://www.eventeny.com/events/2026-daybreak-winter-market-33357/ | https://www.eventeny.com/ticketing/ | https://www.eventeny.com/users/?ref=/users/show/,False
psm-holiday-concert-capitol-rotunda,PSM Holiday Concert — Capitol Rotunda,0,accommodation evidence needs review; community relevance needs review (may correctly be none),https://nowplayingutah.com/event/psm-holiday-concert-capitol-rotunda/,False
christmas-cruise-provo-river,Christmas Cruise — Provo River,0,admission needs deeper review; accommodation evidence needs review; operating dates need review; community relevance needs review (may correctly be none),https://nowplayingutah.com/event/christmas-cruise/,False
the-lower-lights-christmas-concerts-2026,The Lower Lights Christmas Concerts 2026,0,admission needs deeper review; accommodation evidence needs review; community relevance needs review (may correctly be none),https://nowplayingutah.com/event/?page=30,False
christmas-from-the-daines-concert-hall-with-gentri,Christmas from the Daines Concert Hall with GENTRI,0,admission needs deeper review; accommodation evidence needs review; operating dates need review; community relevance needs review (may correctly be none),https://nowplayingutah.com/event/?page=30,False
odyssey-dance-theatre-christmas-spectacular-spectacular,Odyssey Dance Theatre Christmas Spectacular SPECTACULAR!,0,accommodation evidence needs review; community relevance needs review (may correctly be none),https://nowplayingutah.com/event/odyssey-dance-theatres-christmas-spectacular-spectacular-4/,False
white-christmas-sing-a-long-park-city,White Christmas Sing-A-Long — Park City,2,accommodation evidence needs review; community relevance needs review (may correctly be none),https://www.visitparkcity.com/ | https://www.visitparkcity.com/plan/accessibility/,False
around-the-world-holiday-market,Around The World Holiday Market,1,accommodation evidence needs review; community relevance needs review (may correctly be none),https://promise.sslc.gov/calendar/around-the-world-holiday-market,False
quiet-time-with-mr-mrs-claus-dec-1,Quiet Time with Mr & Mrs. Claus — Dec 1,1,accommodation evidence needs review; community relevance needs review (may correctly be none),https://promise.sslc.gov/calendar,False
quiet-time-with-mr-mrs-claus-dec-3,Quiet Time with Mr & Mrs. Claus — Dec 3,1,accommodation evidence needs review; community relevance needs review (may correctly be none),https://promise.sslc.gov/calendar/quiet-time-with-mr-mrs-claus,False
breakfast-with-santa-south-salt-lake,Breakfast with Santa — South Salt Lake,1,accommodation evidence needs review; community relevance needs review (may correctly be none),https://promise.sslc.gov/calendar,False
sandy-city-light-up-the-cairns-2026,Sandy City Light Up the Cairns 2026,1,accommodation evidence needs review; community relevance needs review (may correctly be none),https://sandy.utah.gov/light-up-the-cairns,False
clearfield-community-choir-christmas-joy,Clearfield Community Choir: Christmas Joy,5,accommodation evidence needs review; community relevance needs review (may correctly be none),https://clearfield.city/parks-recreation/arts-culture/ | https://www.eventbrite.com/o/clearfield-community-arts-center-30583512412 | https://clearfield.city/wp-content/uploads/2024/11/ADA-Accommodation-Request-Form.pdf | https://www.eventbrite.com/signin/signup?referrer=%2Fmytickets | https://www.eventbrite.com/organizer/features/sell-tickets/,False
clinton-blitzen-bash,Clinton Blitzen Bash,1,accommodation evidence needs review; community relevance needs review (may correctly be none),https://www.clintoncity.net/2348/Special-Events,False
west-jordan-first-friday-josh-wright-classical-piano-christmas,West Jordan First Friday: Josh Wright Classical Piano Christmas,1,accommodation evidence needs review; community relevance needs review (may correctly be none),https://www.westjordan.utah.gov/city-events/first-friday-concert-series/,False
christmas-in-color-american-fork,Christmas in Color — American Fork,5,admission needs deeper review; accommodation evidence needs review; operating dates need review; community relevance needs review (may correctly be none),https://www.americanfork.gov/m/calendar?startDate=2026-01-01&endDate=2026-01-01&cat=14 | https://www.americanfork.gov/accessibility | https://www.google.com/accessibility/products-features/ | https://support.mozilla.org/en-US/kb/accessibility-features-firefox | https://learn.microsoft.com/en-us/microsoft-edge/accessibility/,False
how-the-grouch-stole-christmas-live-at-the-complex,How The Grouch Stole Christmas live at The Complex,0,admission needs deeper review; accommodation evidence needs review; community relevance needs review (may correctly be none),https://nowplayingutah.com/event/how-the-grouch-stole-christmas-live-at-the-complex/,False
odyssey-dance-christmas-spectacular-salt-lake-city,Odyssey Dance Christmas Spectacular — Salt Lake City,0,accommodation evidence needs review; operating dates need review; community relevance needs review (may correctly be none),https://nowplayingutah.com/event/odyssey-dance-theatres-christmas-spectacular-spectacular-2026/,False
carpenters-platinum-christmas-salt-lake-city,Carpenters Platinum Christmas — Salt Lake City,0,admission needs deeper review; accommodation evidence needs review; community relevance needs review (may correctly be none),https://nowplayingutah.com/event/carpenters-platinum-christmas-show-6/,False
off-white-christmas,Off White Christmas,0,admission needs deeper review; accommodation evidence needs review; operating dates need review; community relevance needs review (may correctly be none),https://nowplayingutah.com/event/?page=32&type=&view=list,False
gordon-s-family-farm-red-nose-ranch-2026,Gordon's Family Farm: Red Nose Ranch 2026,2,accommodation evidence needs review; operating dates need review; community relevance needs review (may correctly be none),https://gordonfamilyfarms.com/winter-wonderland/ | https://events.cocoatickets.com/gordos-fun-farm,False
a-christmas-carol-2026-at-the-ruth,A Christmas Carol 2026 at The Ruth,1,admission needs deeper review; accommodation evidence needs review; operating dates need review; community relevance needs review (may correctly be none),https://www.theruth.org/,False
ace-holiday-music,ACE Holiday Music,1,accommodation evidence needs review; community relevance needs review (may correctly be none),https://altacommunity.org/events/holiday-music,False
christmas-with-the-alley-cats,Christmas with The Alley Cats,0,admission needs deeper review; accommodation evidence needs review; community relevance needs review (may correctly be none),https://nowplayingutah.com/event/?page=31,False
all-abilities-noon-year-s-eve-pajama-party,All Abilities Noon Year's Eve Pajama Party,0,accommodation evidence needs review; community relevance needs review (may correctly be none),https://slcls.libnet.info/event/16874112,False
zoolights-2026,ZooLights 2026,4,accommodation evidence needs review; operating dates need review; community relevance needs review (may correctly be none),https://www.hoglezoo.org/zoolights/ | https://www.hoglezoo.org/tickets/#main | https://store.hoglezoo.org/webstore/shop/viewItems.aspx?cg=spec&c=zl | https://store.hoglezoo.org/webstore/shop/viewItems.aspx?cg=main&c=ADM,False
zoolights-silent-night,ZooLights Silent Night,4,accommodation evidence needs review; operating dates need review; community relevance needs review (may correctly be none),https://www.hoglezoo.org/zoolights/ | https://www.hoglezoo.org/tickets/#main | https://store.hoglezoo.org/webstore/shop/viewItems.aspx?cg=spec&c=zl | https://store.hoglezoo.org/webstore/shop/viewItems.aspx?cg=main&c=ADM,False
aquarium-lantern-festival,Aquarium Lantern Festival,4,accommodation evidence needs review; operating dates need review; community relevance needs review (may correctly be none),https://livingplanetaquarium.org/experiences/lantern-festival/ | https://livingplanetaquarium.org/plan-your-visit/tickets-and-pricing/ | https://livingplanetaquarium.org/plan-your-visit/group-tickets/ | https://livingplanetaquarium.org/upgrade-ticket-to-membership/,False
red-butte-garden-holiday-open-house-art-fair,Red Butte Garden Holiday Open House & Art Fair,4,accommodation evidence needs review; operating dates need review; community relevance needs review (may correctly be none),https://redbuttegarden.org/free-garden-events/holiday-open-house-art-fair/ | https://www.utah.edu/nondiscrimination/ | https://admissions.utah.edu/ | https://utahtickets.com,False
around-the-world-winter-wonders-and-cultural-traditions-art-show,Around the World Winter Wonders and Cultural Traditions Art Show,0,accommodation evidence needs review; operating dates need review; community relevance needs review (may correctly be none),https://www.cottonwoodheights.utah.gov/home/showpublisheddocument/9237/638687262978370000,False
cottonwood-heights-public-works-sock-drive,Cottonwood Heights Public Works Sock Drive,0,accommodation evidence needs review; operating dates need review; community relevance needs review (may correctly be none),https://www.cottonwoodheights.utah.gov/home/showpublisheddocument/9237/638687262978370000,False
light-the-heights,Light the Heights,0,accommodation evidence needs review; community relevance needs review (may correctly be none),https://www.cottonwoodheights.utah.gov/home/showpublisheddocument/9237/638687262978370000,False
eclipse-6-christmas-concert,Eclipse 6 Christmas Concert,0,accommodation evidence needs review; community relevance needs review (may correctly be none),https://www.cottonwoodheights.utah.gov/home/showpublisheddocument/9237/638687262978370000,False
south-jordan-america250-light-the-night,South Jordan America250: Light the Night,5,accommodation evidence needs review; community relevance needs review (may correctly be none),https://www.sjc.utah.gov/Calendar.aspx | https://www.sjc.utah.gov/153/Accessibility | https://www.sjc.utah.gov/153/Accessibility | https://www.sjc.utah.gov/FormCenter/Communications-13/Accessibility-165 | https://www.google.com/accessibility/products-features/,False
utah-metropolitan-ballet-the-nutcracker,Utah Metropolitan Ballet: The Nutcracker,4,accommodation evidence needs review; operating dates need review; community relevance needs review (may correctly be none),https://www.umballet.org/ | https://www.umballet.org/season | https://covey.provo.gov/EventAvailability?EventId=17602&ref=bookNow&scroll=timeAndDates | https://covey.provo.gov/FixedSeries,False
utah-metropolitan-ballet-the-nutcracker-autism-performance,Utah Metropolitan Ballet: The Nutcracker — Autism Performance,4,accommodation evidence needs review; community relevance needs review (may correctly be none),https://www.umballet.org/ | https://www.umballet.org/season | https://covey.provo.gov/EventAvailability?EventId=17602&ref=bookNow&scroll=timeAndDates | https://covey.provo.gov/FixedSeries,False
historic-park-city-holiday-lights-ceremony,Historic Park City Holiday Lights Ceremony,1,accommodation evidence needs review; community relevance needs review (may correctly be none),https://historicparkcityutah.com/holiday-lights-ceremony-a-sparkling-start-to-the-season,False
historic-park-city-holiday-window-display-contest,Historic Park City Holiday Window Display Contest,1,accommodation evidence needs review; operating dates need review; community relevance needs review (may correctly be none),https://historicparkcityutah.com/holiday-lights-ceremony-a-sparkling-start-to-the-season,False
historic-park-city-snow-globe-stroll,Historic Park City Snow Globe Stroll,1,accommodation evidence needs review; operating dates need review; community relevance needs review (may correctly be none),https://historicparkcityutah.com/holiday-lights-ceremony-a-sparkling-start-to-the-season,False
historic-park-city-santa-pub-crawl,Historic Park City Santa Pub Crawl,1,accommodation evidence needs review; community relevance needs review (may correctly be none),https://historicparkcityutah.com/holiday-lights-ceremony-a-sparkling-start-to-the-season,False
santa-comes-down-the-town-lift,Santa Comes Down the Town Lift,1,accommodation evidence needs review; community relevance needs review (may correctly be none),https://historicparkcityutah.com/holiday-lights-ceremony-a-sparkling-start-to-the-season,False
gentri-christmas-eccles-theater,GENTRI Christmas — Eccles Theater,4,admission needs deeper review; accommodation evidence needs review; operating dates need review; community relevance needs review (may correctly be none),https://www.saltlakecountyarts.org/events/gentri-christmas/ | https://www.saltlakecountyarts.org/ticket-office-information/ | https://www.saltlakecountyarts.org/ticket-as-fare/ | https://arttix.queue-it.net/?c=arttix&e=2026safetynet&ver=v3-aspnetcore-3.7.0&cver=26&man=SafetyNet2024&t=https%3A%2F%2Fmy.arttix.org%2Foverview%2F40159%2F,False
mannheim-steamroller-christmas,Mannheim Steamroller Christmas,4,admission needs deeper review; accommodation evidence needs review; operating dates need review; community relevance needs review (may correctly be none),https://www.saltlakecountyarts.org/events/mannheim-steamroller-christmas/ | https://www.saltlakecountyarts.org/ticket-office-information/ | https://www.saltlakecountyarts.org/ticket-as-fare/ | https://arttix.queue-it.net/?c=arttix&e=2026safetynet&ver=v3-aspnetcore-3.7.0&cver=26&man=SafetyNet2024&t=https%3A%2F%2Fmy.arttix.org%2Foverview%2F40142%2F,False
derek-hough-dance-for-the-holidays,Derek Hough: Dance For The Holidays,4,admission needs deeper review; accommodation evidence needs review; community relevance needs review (may correctly be none),https://www.saltlakecountyarts.org/events/derek-hough-dance-for-the-holidays/ | https://www.saltlakecountyarts.org/ticket-office-information/ | https://www.saltlakecountyarts.org/ticket-as-fare/ | https://arttix.queue-it.net/?c=arttix&e=2026safetynet&ver=v3-aspnetcore-3.7.0&cver=26&man=SafetyNet2024&t=https%3A%2F%2Fmy.arttix.org%2F40393%2F,False
utah-food-bank-holiday-food-fund-drive,Utah Food Bank Holiday Food & Fund Drive,1,accommodation evidence needs review; operating dates need review; community relevance needs review (may correctly be none),https://www.utahfoodbank.org/events/holiday-food-fund-drive/,False
celebrate-in-saratoga-christmas-tree-lighting,Celebrate in Saratoga — Christmas Tree Lighting,5,accommodation evidence needs review; community relevance needs review (may correctly be none),https://www.saratogasprings-ut.gov/608/Celebrate-in-Saratoga | https://www.saratogasprings-ut.gov/968/Adaptive-Accommodations | https://www.saratogasprings-ut.gov/Accessibility | https://www.saratogasprings-ut.gov/968/Adaptive-Accommodations | https://www.google.com/accessibility/products-features/,False
celebrate-in-saratoga-silent-santa,Celebrate in Saratoga — Silent Santa,5,community relevance needs review (may correctly be none),https://www.saratogasprings-ut.gov/608/Celebrate-in-Saratoga | https://www.saratogasprings-ut.gov/968/Adaptive-Accommodations | https://www.saratogasprings-ut.gov/Accessibility | https://www.saratogasprings-ut.gov/968/Adaptive-Accommodations | https://www.google.com/accessibility/products-features/,False
celebrate-in-saratoga-holiday-orchestra-concert,Celebrate in Saratoga — Holiday Orchestra Concert,5,accommodation evidence needs review; community relevance needs review (may correctly be none),https://www.saratogasprings-ut.gov/Calendar.aspx?EID=6735 | https://www.saratogasprings-ut.gov/Accessibility | https://www.google.com/accessibility/products-features/ | https://support.mozilla.org/en-US/kb/accessibility-features-firefox | https://learn.microsoft.com/en-us/microsoft-edge/accessibility/,False
santa-s-snowpine-visit,Santa's Snowpine Visit,2,accommodation evidence needs review; operating dates need review; community relevance needs review (may correctly be none),https://www.snowpine.com/events/santas-snowpine-visit/ | https://www.snowpine.com/statements-policies/accessibility/,False
snowpine-lodge-elf-on-the-shelf,Snowpine Lodge Elf on the Shelf,2,accommodation evidence needs review; community relevance needs review (may correctly be none),https://www.snowpine.com/events/ | https://www.snowpine.com/statements-policies/accessibility/,False
ski-with-santa-at-alta,Ski With Santa at Alta,2,accommodation evidence needs review; operating dates need review; community relevance needs review (may correctly be none),https://www.snowpine.com/events/ski-with-santa-at-alta/ | https://www.snowpine.com/statements-policies/accessibility/,False
christmas-eve-dinner-at-swen-s,Christmas Eve Dinner at Swen's,2,accommodation evidence needs review; community relevance needs review (may correctly be none),https://www.snowpine.com/events/ | https://www.snowpine.com/statements-policies/accessibility/,False
reading-of-the-night-before-christmas-snowpine-lodge,Reading of The Night Before Christmas — Snowpine Lodge,2,accommodation evidence needs review; community relevance needs review (may correctly be none),https://www.snowpine.com/events/ | https://www.snowpine.com/statements-policies/accessibility/,False
christmas-dinner-at-swen-s,Christmas Dinner at Swen's,3,accommodation evidence needs review; community relevance needs review (may correctly be none),https://www.snowpine.com/events/christmas-dinner-at-swens/ | https://www.opentable.com/r/swens-reservations-alta?restref=1042012 | https://www.snowpine.com/statements-policies/accessibility/,False
alta-nye-torchlight-parade-fireworks,Alta NYE Torchlight Parade & Fireworks,2,accommodation evidence needs review; community relevance needs review (may correctly be none),https://www.alta.com/events/torchlight-parade | https://www.alta.com/tickets-and-passes#lift-tickets | https://www.alta.com/tickets-and-passes,False
sundance-tree-lighting-celebration,Sundance Tree Lighting Celebration,2,accommodation evidence needs review; community relevance needs review (may correctly be none),https://www.sundanceresort.com/events/tree-lighting-ceremony/ | https://www.sundanceresort.com/tickets-passes/,False
little-america-thanksgiving-buffet,Little America Thanksgiving Buffet,3,accommodation evidence needs review; community relevance needs review (may correctly be none),https://saltlake.littleamerica.com/events/thanksgiving-buffet | https://saltlake.littleamerica.com/accessibility | https://www.w3.org/TR/WCAG20/,False
grand-america-holiday-brunch-at-laurel,Grand America Holiday Brunch at Laurel,3,accommodation evidence needs review; operating dates need review; community relevance needs review (may correctly be none),https://www.grandamerica.com/events/holiday-brunch-2026-12-24 | https://www.grandamerica.com/accessibility | https://www.w3.org/TR/WCAG20/,False
grand-america-holiday-saturday-brunch,Grand America Holiday Saturday Brunch,3,accommodation evidence needs review; operating dates need review; community relevance needs review (may correctly be none),https://www.grandamerica.com/events/saturday-brunch-2026-11-28 | https://www.grandamerica.com/accessibility | https://www.w3.org/TR/WCAG20/,False
utopia-early-music-celtic-christmas,Utopia Early Music: Celtic Christmas,1,accommodation evidence needs review; operating dates need review; community relevance needs review (may correctly be none),https://sites.google.com/a/utopiaearlymusic.org/www/home/concert-information,False
a-joshua-creek-christmas,A Joshua Creek Christmas,1,accommodation evidence needs review; community relevance needs review (may correctly be none),https://timparts.com/events-archives/a-joshua-creek-christmas-hosted-by-timp-arts/,False
the-best-christmas-pageant-ever-old-barn-community-theatre,The Best Christmas Pageant Ever — Old Barn Community Theatre,3,admission needs deeper review; accommodation evidence needs review; operating dates need review; community relevance needs review (may correctly be none),https://www.onthestage.tickets/the-old-barn-community-theatre | https://www.onthestage.tickets/the-old-barn-community-theatre/individual-tickets | https://www.onthestage.tickets/show/the-old-barn-community-theatre/69537e03b2fe2b1b752546b7/tickets,False
irving-berlin-s-white-christmas-four-seasons-theatre,Irving Berlin's White Christmas — Four Seasons Theatre,5,admission needs deeper review; accommodation evidence needs review; operating dates need review; community relevance needs review (may correctly be none),https://fourseasonstheatrecompany.thundertix.com/events/258993 | https://fourseasonstheatrecompany.thundertix.com/performances/3228824/section/40811?event_id=258993 | https://fourseasonstheatrecompany.thundertix.com/performances/3228825/section/40811?event_id=258993 | https://fourseasonstheatrecompany.thundertix.com/performances/3228826/section/40811?event_id=258993 | https://fourseasonstheatrecompany.thundertix.com/resend_my_email,False
the-johnson-files-an-improvised-christmas-ogden,The Johnson Files: An Improvised Christmas — Ogden,4,accommodation evidence needs review; community relevance needs review (may correctly be none),https://ogdenpet.com/event/the-johnson-files-an-improvised-christmas-2026/peerys-egyptian-theater/ | https://ogdenpet.com/events/ | https://www.etix.com/ticket/p/94548820/not-onsalethe-johnson-filesan-improvised-christmas-ogden-peerys-egyptian-theater?partner_id=100 | https://www.etix.com/ticket/p/94984232/silent-film-ogden-peerys-egyptian-theater?partner_id=100,False
a-christmas-story-the-musical-ziegfeld-theater,A Christmas Story: The Musical — Ziegfeld Theater,0,admission needs deeper review; accommodation evidence needs review; operating dates need review; community relevance needs review (may correctly be none),https://nowplayingutah.com/event/a-christmas-story-the-musical-3/,False
pickleville-on-tour-sheriff-kringle-farmington,Pickleville on Tour: Sheriff Kringle — Farmington,2,admission needs deeper review; accommodation evidence needs review; community relevance needs review (may correctly be none),https://www.picklevilleontour.com/about-the-show | https://www.picklevilleontour.com/ticket-information-christmas-2026,False
pickleville-on-tour-sheriff-kringle-roy,Pickleville on Tour: Sheriff Kringle — Roy,2,admission needs deeper review; accommodation evidence needs review; community relevance needs review (may correctly be none),https://www.picklevilleontour.com/about-the-show | https://www.picklevilleontour.com/ticket-information-christmas-2026,False
pickleville-on-tour-sheriff-kringle-salt-lake-city,Pickleville on Tour: Sheriff Kringle — Salt Lake City,2,admission needs deeper review; accommodation evidence needs review; operating dates need review; community relevance needs review (may correctly be none),https://www.picklevilleontour.com/about-the-show | https://www.picklevilleontour.com/ticket-information-christmas-2026,False
temple-square-christmas-opening-concert,Temple Square Christmas Opening Concert,1,accommodation evidence needs review; community relevance needs review (may correctly be none),https://www.churchofjesuschrist.org/events/temple-square-concert-series?lang=eng,False
temple-square-daily-christmas-performances,Temple Square Daily Christmas Performances,1,accommodation evidence needs review; community relevance needs review (may correctly be none),https://www.churchofjesuschrist.org/events/temple-square-concert-series?lang=eng,False
west-valley-city-winter-market,West Valley City Winter Market,0,accommodation evidence needs review; operating dates need review; community relevance needs review (may correctly be none),https://www.wvc-ut.gov/2131/City-Council-Calendar,False
west-valley-city-holiday-games-tree-lighting,West Valley City Holiday Games & Tree Lighting,0,accommodation evidence needs review; community relevance needs review (may correctly be none),https://www.wvc-ut.gov/2131/City-Council-Calendar,False
santa-the-lights-bluffdale,Santa & the Lights — Bluffdale,1,accommodation evidence needs review; community relevance needs review (may correctly be none),https://www.bluffdale.gov/689/Santa-is-Coming-to-Bluffdale,False
miracle-on-34th-street-bluffdale-arts,Miracle on 34th Street — Bluffdale Arts,2,admission needs deeper review; accommodation evidence needs review; operating dates need review; community relevance needs review (may correctly be none),https://bluffdale.gov/577/Auditions | https://events.ticketleap.com/tickets/bluffdale-arts-advisory-board/the-pirates-of-penzance,False
herriman-night-of-lights,Herriman Night of Lights,2,accommodation evidence needs review; community relevance needs review (may correctly be none),https://www.herriman.gov/calendar/night-of-lights-2138?id=2138 | https://www.herriman.gov/event-tickets,False
herriman-jazz-project-christmas-concert,Herriman Jazz Project Christmas Concert,1,accommodation evidence needs review; community relevance needs review (may correctly be none),https://www.friendsofherriman.org/event/herriman-jazz-project-christmas-concert/,False
springville-holiday-festival-santa-village,Springville Holiday Festival & Santa Village,2,accommodation evidence needs review; operating dates need review; community relevance needs review (may correctly be none),https://www.springvilleutah.gov/parks-recreation/recreation/special-events/santa/ | https://www.xpressformsbuilder.com/viewer/aed752a5-d684-49cd-84ed-1e7b2c3f90fe,False
springville-santa-village-free-santa-visits,Springville Santa Village — Free Santa Visits,2,accommodation evidence needs review; operating dates need review; community relevance needs review (may correctly be none),https://www.springvilleutah.gov/parks-recreation/recreation/special-events/santa/ | https://www.xpressformsbuilder.com/viewer/aed752a5-d684-49cd-84ed-1e7b2c3f90fe,False
santa-s-art-shop-springville-museum-of-art,Santa's Art Shop — Springville Museum of Art,4,accommodation evidence needs review; community relevance needs review (may correctly be none),https://www.smofa.org/event-calendar.php?l=list&t=all | https://www.smofa.org/accessibility | https://www.smofa.org/accessibility.php | https://www.smofa.org/uploads/files/2902/Sensory-Map-with-images.pdf,False
utah-valley-bell-ringers-springville-museum-of-art,Utah Valley Bell Ringers — Springville Museum of Art,4,admission needs deeper review; accommodation evidence needs review; community relevance needs review (may correctly be none),https://www.smofa.org/event-calendar.php?l=list&t=all | https://www.smofa.org/accessibility | https://www.smofa.org/accessibility.php | https://www.smofa.org/uploads/files/2902/Sensory-Map-with-images.pdf,False
tubular-christmas-springville-senior-center,Tubular Christmas — Springville Senior Center,4,accommodation evidence needs review; community relevance needs review (may correctly be none),https://www.smofa.org/event-calendar.php?l=list&t=all | https://www.smofa.org/accessibility | https://www.smofa.org/accessibility.php | https://www.smofa.org/uploads/files/2902/Sensory-Map-with-images.pdf,False
chabad-southern-utah-public-menorah-lighting-cedar-city,Chabad Southern Utah Public Menorah Lighting — Cedar City,1,accommodation evidence needs review; operating dates need review,https://www.jewishsouthernutah.com/templates/articlecco_cdo/aid/6206372/jewish/Chanukah-at-Chabad.htm,False
chabad-southern-utah-grand-menorah-lighting-st-george,Chabad Southern Utah Grand Menorah Lighting — St. George,1,accommodation evidence needs review; operating dates need review,https://www.jewishsouthernutah.com/templates/articlecco_cdo/aid/6206372/jewish/Chanukah-at-Chabad.htm,False
st-george-dickens-christmas-festival,St. George Dickens Christmas Festival,5,accommodation evidence needs review; community relevance needs review (may correctly be none),https://www.dickenschristmasfestival.com/ | https://www.dickenschristmasfestival.com/blank-2 | https://www.eventbrite.com/e/dickens-christmas-festival-tickets-1758163296749?aff=oddtdtcreator | https://www.eventbrite.com/signin/signup?referrer=%2Fmytickets | https://www.eventbrite.com/organizer/features/sell-tickets/,False
holiday-lights-at-red-hills-desert-garden,Holiday Lights at Red Hills Desert Garden,1,accommodation evidence needs review; operating dates need review; community relevance needs review (may correctly be none),https://www.stgeorge.us/events/2,False
st-george-utah-temple-christmas-lights,St. George Utah Temple Christmas Lights,1,accommodation evidence needs review,https://www.stgeorge.us/events/st-george-temple-christmas-lights,False
cedar-city-downtown-lighting-ceremony,Cedar City Downtown Lighting Ceremony,0,accommodation evidence needs review; community relevance needs review (may correctly be none),https://visitcedarcity.com/blog/post/holiday-lights-in-cedar-city-parowan-and-brian-head/,False
breakfast-with-santa-thanksgiving-point,Breakfast with Santa — Thanksgiving Point,3,operating dates need review; community relevance needs review (may correctly be none),https://thanksgivingpoint.org/events/breakfast-with-santa/ | https://thanksgivingpoint.org/the-tree-of-life/ | https://thanksgivingpoint.org/events/scarecrow-festival/,False
candlelight-christmas-carols-on-strings-salt-lake-masonic-temple,Candlelight: Christmas Carols on Strings — Salt Lake Masonic Temple,1,accommodation evidence needs review; community relevance needs review (may correctly be none),https://feverup.com/m/669889,False
candlelight-christmas-classics-clubhouse-on-south-temple,Candlelight: Christmas Classics — Clubhouse on South Temple,1,accommodation evidence needs review; community relevance needs review (may correctly be none),https://feverup.com/en/salt-lake-city/candlelight-christmas-concerts,False
candlelight-christmas-carols-on-strings-grand-america,Candlelight: Christmas Carols on Strings — Grand America,1,accommodation evidence needs review; community relevance needs review (may correctly be none),https://feverup.com/en/salt-lake-city/candlelight-christmas-concerts,False
candlelight-christmas-carols-on-strings-ogden,Candlelight: Christmas Carols on Strings — Ogden,1,accommodation evidence needs review; community relevance needs review (may correctly be none),https://feverup.com/en/ogden/venue/the-monarch,False
oddlake-city-christmas-market,Oddlake City Christmas Market,1,accommodation evidence needs review; community relevance needs review (may correctly be none),https://slcmasonictemple.com/events/shows-special-events/,False
parowan-christmas-in-the-country,Parowan Christmas in the Country,1,accommodation evidence needs review; operating dates need review; community relevance needs review (may correctly be none),https://435locals.com/event/parowan-christmas-in-the-country/,False
capitol-hill-christmas-market,Capitol Hill Christmas Market,1,accommodation evidence needs review; operating dates need review; community relevance needs review (may correctly be none),https://utahstatecapitol.utah.gov/venue/cpb_rm-cap-white-memorial-chapel-calendar-cpb_ca-public-events-non-profits-4/,False
ogden-christmas-tree-hike-wasatch-mountain-club,Ogden Christmas Tree Hike — Wasatch Mountain Club,1,accommodation evidence needs review; community relevance needs review (may correctly be none),https://www.wasatchmountainclub.org/calendar/2026/December/7/evening-hike-ogden-christmas-tree-hike,False
brian-head-holiday-lighting-extravaganza,Brian Head Holiday Lighting Extravaganza,2,accommodation evidence needs review; community relevance needs review (may correctly be none),https://visitcedarcity.com/blog/post/holiday-lights-in-cedar-city-parowan-and-brian-head/ | https://visitcedarcity.com/visitor-services/accessibility/,False
holiday-tree-jubilee-cedar-city,Holiday Tree Jubilee — Cedar City,2,accommodation evidence needs review; operating dates need review; community relevance needs review (may correctly be none),https://visitcedarcity.com/events/annual-events-and-festivals/ | https://visitcedarcity.com/visitor-services/accessibility/,False
the-addams-family,The Addams Family,5,admission needs deeper review; accommodation evidence needs review; community relevance needs review (may correctly be none),https://www.theruth.org/news/detail/the-ruth-theater-presents-an-immersive-production-of-the-addams-family | https://www.theruth.org/events | https://secure.theruth.org/Online/default.asp?doWork::WScontent::loadArticle=Load&BOparam::WScontent::loadArticle::article_id=64C39D67-4069-46E6-B3B1-060BB7601A7A&menu_id=FD275C5F-EEF2-4DF5-8384-449CED98A9D0 | https://www.theruth.org/tickets | https://secure.theruth.org/Online/default.asp?BOparam::WScontent::loadArticle::permalink=27seasonticket&BOparam::WScontent::loadArticle::context_id=,False
paranormal-percussion,Paranormal Percussion,0,admission needs deeper review; accommodation evidence needs review; community relevance needs review (may correctly be none),https://www.provo.gov/m/newsflash/Home/Detail/358,False
lindon-halloween-spooktacular,Lindon Halloween Spooktacular,5,accommodation evidence needs review; community relevance needs review (may correctly be none),https://www.lindon.gov/m/calendar/event/detail/712 | https://www.lindon.gov/site/accessibility | https://www.google.com/accessibility/products-features/ | https://support.mozilla.org/en-US/kb/accessibility-features-firefox | https://learn.microsoft.com/en-us/microsoft-edge/accessibility/,False
provo-trick-or-treat-resource-fair,Provo Trick or Treat Resource Fair,0,accommodation evidence needs review; community relevance needs review (may correctly be none),https://www.provo.gov/Calendar.aspx?EID=2048,False
lindon-spooky-movie-in-the-park,Lindon Spooky Movie in the Park,5,accommodation evidence needs review; community relevance needs review (may correctly be none),https://www.lindon.gov/m/calendar?startDate=2026-10-01&endDate=2026-10-31&cat=0 | https://www.lindon.gov/site/accessibility | https://www.google.com/accessibility/products-features/ | https://support.mozilla.org/en-US/kb/accessibility-features-firefox | https://learn.microsoft.com/en-us/microsoft-edge/accessibility/,False
salt-lake-spooky-speaks,Salt Lake Spooky Speaks,0,accommodation evidence needs review; community relevance needs review (may correctly be none),https://www.saltlakecountyarts.org/events/salt-lake-spooky-speaks/,False
stage-fright-halloween-dance-concert,STAGE FRIGHT — Halloween Dance Concert,5,accommodation evidence needs review; community relevance needs review (may correctly be none),https://huntsman.usu.edu/focusedfridays/calendar/?audience=5&id=104811 | https://huntsman.usu.edu/focusedfridays/calendar/?sponsor=0&subsponsor=122&audience=5 | https://www.usu.edu/accessibility/ | https://huntsman.usu.edu/focusedfridays/calendar/?subsponsor=0&audience=5 | https://www.usu.edu/accessibility/,False
casino-halloween-sky-slc,Casino Halloween — Sky SLC,2,accommodation evidence needs review; community relevance needs review (may correctly be none),https://skyslc.com/ | https://studiosaltlake.com/ | https://tixr.com/e/205356 | https://tixr.com/e/193554,False
graveyard-shift-a-costume-party,GRAVEYARD SHIFT — A Costume Party,2,admission needs deeper review; accommodation evidence needs review; operating dates need review; community relevance needs review (may correctly be none),https://soundwellslc.com/events/ | https://www.eventliveus.com/event/10448 | https://tixr.com/e/193514 | https://tixr.com/e/194320,False
sunfish-halloween,Sunfish Halloween,2,admission needs deeper review; accommodation evidence needs review; community relevance needs review (may correctly be none),https://soundwellslc.com/events/ | https://www.eventliveus.com/event/10448 | https://tixr.com/e/193514 | https://tixr.com/e/194320,False
halloween-night-famous-karamba,Halloween Night — Famous Karamba,3,accommodation evidence needs review; community relevance needs review (may correctly be none),https://famouskaramba.com/upcoming-events/ | https://famouskaramba.com/single-event/EVE146561400020261009/locura-perreo/ | https://famouskaramba.com/single-event/EVE146561400020261009/locura-perreo/,False
hallows-eve-monster-bash,Hallows’ Eve Monster Bash,5,accommodation evidence needs review; community relevance needs review (may correctly be none),https://www.thegrid.com/halloween-monster-bash | https://www.thegrid.com/purchase-tickets | https://www.eventbrite.com/e/hallows-eve-monster-bash-tickets-1999442737050 | https://www.eventbrite.com/signin/signup?referrer=%2Fmytickets | https://www.eventbrite.com/organizer/features/sell-tickets/,False
frightcrawl-salt-lake-city-halloween-bar-crawl,FrightCrawl — Salt Lake City Halloween Bar Crawl,5,accommodation evidence needs review; community relevance needs review (may correctly be none),https://frightcrawl.com/salt-lake-city/ | https://www.eventbrite.ca/e/the-fright-crawl-salt-lake-citys-1-halloween-bar-crawl-2026-sat-oct-31-tickets-1998676936520 | https://www.eventbrite.ca/e/the-fright-crawl-salt-lake-city-halloween-day-bar-crawl-2026-sat-oct-31-tickets-1998676824184 | https://www.eventbrite.ca/e/the-fright-crawl-salt-lake-city-halloween-bar-crawl-2026-fri-oct-30-tickets-1998676819169 | https://www.eventbrite.ca/signin/signup?referrer=%2Fmytickets,False
haunted-shrills-scare-oke-studio-at-soundwell,Haunted Shrills | Scare-Oke — Studio at Soundwell,4,accommodation evidence needs review; community relevance needs review (may correctly be none),https://studiosaltlake.com/events/ | https://www.craftclubslc.com/events/pressed-flower-pumpkins | https://www.tickettailor.com/events/subconsciouslyshay/2414000 | https://www.tickettailor.com/self-service/subconsciouslyshay?widget=true&modal_widget=true | https://www.tickettailor.com/checkout/view-event/id/9080427/chk/1df88e0244638af2933ba5a3abb6694a/?modal_widget=true&widget=true,False
monster-mash-logik-studio-at-soundwell,Monster Mash | LOGIK — Studio at Soundwell,4,accommodation evidence needs review; community relevance needs review (may correctly be none),https://studiosaltlake.com/events/ | https://www.craftclubslc.com/events/pressed-flower-pumpkins | https://www.tickettailor.com/events/subconsciouslyshay/2414000 | https://www.tickettailor.com/self-service/subconsciouslyshay?widget=true&modal_widget=true | https://www.tickettailor.com/checkout/view-event/id/9080427/chk/1df88e0244638af2933ba5a3abb6694a/?modal_widget=true&widget=true,False
creature-feature-dimitri-garzarelli-studio-at-soundwell,Creature Feature | Dimitri Garzarelli — Studio at Soundwell,4,accommodation evidence needs review; community relevance needs review (may correctly be none),https://studiosaltlake.com/events/ | https://www.craftclubslc.com/events/pressed-flower-pumpkins | https://www.tickettailor.com/events/subconsciouslyshay/2414000 | https://www.tickettailor.com/self-service/subconsciouslyshay?widget=true&modal_widget=true | https://www.tickettailor.com/checkout/view-event/id/9080427/chk/1df88e0244638af2933ba5a3abb6694a/?modal_widget=true&widget=true,False
monster-mash-iann-studio-at-soundwell,Monster Mash | IANN — Studio at Soundwell,4,accommodation evidence needs review; community relevance needs review (may correctly be none),https://studiosaltlake.com/events/ | https://www.craftclubslc.com/events/pressed-flower-pumpkins | https://www.tickettailor.com/events/subconsciouslyshay/2414000 | https://www.tickettailor.com/self-service/subconsciouslyshay?widget=true&modal_widget=true | https://www.tickettailor.com/checkout/view-event/id/9080427/chk/1df88e0244638af2933ba5a3abb6694a/?modal_widget=true&widget=true,False
r-b-season-after-dark-halloween-edition,R&B Season After Dark — Halloween Edition,2,admission needs deeper review; accommodation evidence needs review; community relevance needs review (may correctly be none),https://soundwellslc.com/events/ | https://www.eventliveus.com/event/10448 | https://tixr.com/e/193514 | https://tixr.com/e/194320,False
zeds-dead-halloween-at-granary-open-air,Zeds Dead — Halloween at Granary Open Air,1,admission needs deeper review; accommodation evidence needs review; community relevance needs review (may correctly be none),https://www.zedsdead.net/,False
create-and-destroy-feat-craze-dieselboy,CREATE AND DESTROY feat. Craze + Dieselboy,1,accommodation evidence needs review; community relevance needs review (may correctly be none),https://dnbos.net/event/create-and-destroy-feat-craze-dieselboy/,False
gracies-halloween-drag-brunch,Gracie’s Halloween Drag Brunch,5,accommodation evidence needs review,https://www.eventbrite.com/e/gracies-halloween-drag-brunch-tickets-1999628680211 | https://www.eventbrite.com/signin/signup?referrer=%2Fmytickets | https://www.eventbrite.com/organizer/features/sell-tickets/ | https://www.eventbrite.com/help/en-us/articles/319355/where-are-my-tickets/ | https://www.eventbrite.com/organizer/features/reserved-seating/,False
the-haunting-of-hk-brewing,The Haunting of HK Brewing,5,accommodation evidence needs review,https://www.eventbrite.com/e/the-haunting-of-hk-brewing-tickets-1999337292663 | https://www.eventbrite.com/signin/signup?referrer=%2Fmytickets | https://www.eventbrite.com/organizer/features/sell-tickets/ | https://www.eventbrite.com/help/en-us/articles/319355/where-are-my-tickets/ | https://www.eventbrite.com/organizer/features/reserved-seating/,False
slc-sapphic-night-out-spooky-season-at-why-kiki,SLC Sapphic Night Out — Spooky Season at Why Kiki,1,accommodation evidence needs review; community relevance needs review (may correctly be none),https://hunthalloween.com/event/slc-sapphic-night-out-at-why-kiki-eid4a7hbqv0l4,False
my-boo-halloween-throwback-night,MY BOO — Halloween Throwback Night,1,accommodation evidence needs review; community relevance needs review (may correctly be none),https://posh.vip/e/my-boo-halloween-throwback-night-21,False
dust-till-dawn-iv-project-mayhem-feat-ashez-kaipora,Dust Till Dawn IV: Project Mayhem feat. ASHEZ & Kaipora,1,admission needs deeper review; accommodation evidence needs review; community relevance needs review (may correctly be none),https://linktr.ee/echelon.experience | https://www.tixr.com/groups/preamp/events/ivy-lab-a-farewell-tour-198049 | https://www.tixr.com/groups/preamp/events/parkbreezy-w-lowcation-199954 | https://www.tixr.com/groups/preamp/events/dust-till-dawn-project-mayhem-ft-ashez-kaipora-207030,False
halloween-edm-at-cache-bar,Halloween EDM at Cache Bar,3,accommodation evidence needs review; community relevance needs review (may correctly be none),https://www.cachebarlogan.com/calendar | https://www.cachebarlogan.com/event-details/country-night-jarica-jamison-cache-bar | https://www.cachebarlogan.com/event-details/moonspinners-cache-bar,False
day-of-the-dead-at-cache-bar,Day of the Dead at Cache Bar,3,accommodation evidence needs review; community relevance needs review (may correctly be none),https://www.cachebarlogan.com/calendar | https://www.cachebarlogan.com/event-details/country-night-jarica-jamison-cache-bar | https://www.cachebarlogan.com/event-details/moonspinners-cache-bar,False
muskieween-3,Muskieween 3,2,accommodation evidence needs review; community relevance needs review (may correctly be none),https://www.wiseguyscomedy.com/utah/ogden/historic-ogden/e/muskieween-3 | https://historicogden-wiseguyscomedy-com.seatengine.com/shows/390178 | https://www.wiseguyscomedy.com/resale-policy,False
provo-halloween-singles-mixer-2026,Provo Halloween Singles Mixer 2026,5,admission needs deeper review; accommodation evidence needs review; community relevance needs review (may correctly be none),https://www.eventbrite.com/e/provo-halloween-singles-mixer-2026-tickets-2001395753575 | https://www.eventbrite.com/signin/signup?referrer=%2Fmytickets | https://www.eventbrite.com/organizer/features/sell-tickets/ | https://www.eventbrite.com/help/en-us/articles/319355/where-are-my-tickets/ | https://www.eventbrite.com/organizer/features/reserved-seating/,False
ogden-halloween-singles-mixer-2026,Ogden Halloween Singles Mixer 2026,5,admission needs deeper review; accommodation evidence needs review; community relevance needs review (may correctly be none),https://www.eventbrite.com/e/ogden-halloween-singles-mixer-2026-tickets-2000643199666 | https://www.eventbrite.com/signin/signup?referrer=%2Fmytickets | https://www.eventbrite.com/organizer/features/sell-tickets/ | https://www.eventbrite.com/help/en-us/articles/319355/where-are-my-tickets/ | https://www.eventbrite.com/organizer/features/reserved-seating/,False
eve-rooftop-afterlive,EVE Rooftop Afterlive,2,admission needs deeper review; accommodation evidence needs review; community relevance needs review (may correctly be none),https://eveinslc.com/single-event/EVE164431400120261031/eve-rooftop-afterlive/ | https://eveinslc.com/upcoming-events/,False
eve-halloween-crawl,EVE Halloween Crawl,2,admission needs deeper review; accommodation evidence needs review; community relevance needs review (may correctly be none),https://eveinslc.com/single-event/EVE164431400020261029/halloween-crawl/ | https://eveinslc.com/upcoming-events/,False
salt-lake-men-s-choir-somewhere-in-my-memory,Salt Lake Men’s Choir: Somewhere In My Memory,1,admission needs deeper review; accommodation evidence needs review,https://events.com/r/en_US/tickets/salt-lake-mens-choir-presents-somewhere-in-my-memory-salt-lake-city-december-1071191,False
winter-craftacular,Winter Craftacular,0,accommodation evidence needs review; community relevance needs review (may correctly be none),https://slcls.libnet.info/event/16763517,False
jane-austen-yule-ball-2026,Jane Austen Yule Ball,2,accommodation evidence needs review; community relevance needs review (may correctly be none),https://theregencyguy.com/jane-austen-yule-ball-2026/ | https://theregencyguy.com/jane-austen-yule-ball-2026/#tickets,False
